spec,error,class,className,method
CipherSpec,UnsafeAlgorithm,org.apache.deltaspike.core.impl.crypto.DefaultCipherService,DefaultCipherService,aesEncrypt
CipherSpec,InvalidSequenceOfMethodCalls,org.apache.deltaspike.core.impl.crypto.DefaultCipherService,DefaultCipherService,aesEncrypt
CipherSpec,InvalidSequenceOfMethodCalls,org.apache.deltaspike.core.impl.crypto.DefaultCipherService,DefaultCipherService,aesEncrypt
CipherSpec,InvalidSequenceOfMethodCalls,org.apache.deltaspike.core.impl.crypto.DefaultCipherService,DefaultCipherService,aesEncrypt
SecretKeySpec,InvalidSequenceOfMethodCalls,org.apache.deltaspike.core.impl.crypto.DefaultCipherService,DefaultCipherService,getSecretKeySpec
CipherSpec,UnsafeAlgorithm,org.apache.deltaspike.core.impl.crypto.DefaultCipherService,DefaultCipherService,aesDecrypt
CipherSpec,InvalidSequenceOfMethodCalls,org.apache.deltaspike.core.impl.crypto.DefaultCipherService,DefaultCipherService,aesDecrypt
CipherSpec,InvalidSequenceOfMethodCalls,org.apache.deltaspike.core.impl.crypto.DefaultCipherService,DefaultCipherService,aesDecrypt
CipherSpec,InvalidSequenceOfMethodCalls,org.apache.deltaspike.core.impl.crypto.DefaultCipherService,DefaultCipherService,aesDecrypt
CipherSpec,UnsafeAlgorithm,org.apache.deltaspike.core.impl.crypto.DefaultCipherService,DefaultCipherService,aesEncrypt
CipherSpec,InvalidSequenceOfMethodCalls,org.apache.deltaspike.core.impl.crypto.DefaultCipherService,DefaultCipherService,aesEncrypt
CipherSpec,InvalidSequenceOfMethodCalls,org.apache.deltaspike.core.impl.crypto.DefaultCipherService,DefaultCipherService,aesEncrypt
CipherSpec,InvalidSequenceOfMethodCalls,org.apache.deltaspike.core.impl.crypto.DefaultCipherService,DefaultCipherService,aesEncrypt
SecretKeySpec,InvalidSequenceOfMethodCalls,org.apache.deltaspike.core.impl.crypto.DefaultCipherService,DefaultCipherService,getSecretKeySpec
CipherSpec,UnsafeAlgorithm,org.apache.deltaspike.core.impl.crypto.DefaultCipherService,DefaultCipherService,aesDecrypt
CipherSpec,InvalidSequenceOfMethodCalls,org.apache.deltaspike.core.impl.crypto.DefaultCipherService,DefaultCipherService,aesDecrypt
CipherSpec,InvalidSequenceOfMethodCalls,org.apache.deltaspike.core.impl.crypto.DefaultCipherService,DefaultCipherService,aesDecrypt
CipherSpec,InvalidSequenceOfMethodCalls,org.apache.deltaspike.core.impl.crypto.DefaultCipherService,DefaultCipherService,aesDecrypt
CipherSpec,UnsafeAlgorithm,org.apache.deltaspike.core.impl.crypto.DefaultCipherService,DefaultCipherService,aesDecrypt
CipherSpec,InvalidSequenceOfMethodCalls,org.apache.deltaspike.core.impl.crypto.DefaultCipherService,DefaultCipherService,aesDecrypt
CipherSpec,InvalidSequenceOfMethodCalls,org.apache.deltaspike.core.impl.crypto.DefaultCipherService,DefaultCipherService,aesDecrypt
CipherSpec,InvalidSequenceOfMethodCalls,org.apache.deltaspike.core.impl.crypto.DefaultCipherService,DefaultCipherService,aesDecrypt
SecretKeySpec,InvalidSequenceOfMethodCalls,org.apache.deltaspike.core.impl.crypto.DefaultCipherService,DefaultCipherService,getSecretKeySpec
CipherSpec,UnsafeAlgorithm,org.apache.deltaspike.core.impl.crypto.DefaultCipherService,DefaultCipherService,aesEncrypt
CipherSpec,InvalidSequenceOfMethodCalls,org.apache.deltaspike.core.impl.crypto.DefaultCipherService,DefaultCipherService,aesEncrypt
CipherSpec,InvalidSequenceOfMethodCalls,org.apache.deltaspike.core.impl.crypto.DefaultCipherService,DefaultCipherService,aesEncrypt
CipherSpec,InvalidSequenceOfMethodCalls,org.apache.deltaspike.core.impl.crypto.DefaultCipherService,DefaultCipherService,aesEncrypt
CipherSpec,UnsafeAlgorithm,org.apache.deltaspike.core.impl.crypto.DefaultCipherService,DefaultCipherService,aesEncrypt
CipherSpec,InvalidSequenceOfMethodCalls,org.apache.deltaspike.core.impl.crypto.DefaultCipherService,DefaultCipherService,aesEncrypt
CipherSpec,InvalidSequenceOfMethodCalls,org.apache.deltaspike.core.impl.crypto.DefaultCipherService,DefaultCipherService,aesEncrypt
CipherSpec,InvalidSequenceOfMethodCalls,org.apache.deltaspike.core.impl.crypto.DefaultCipherService,DefaultCipherService,aesEncrypt
CipherSpec,UnsafeAlgorithm,org.apache.deltaspike.core.impl.crypto.DefaultCipherService,DefaultCipherService,aesEncrypt
CipherSpec,InvalidSequenceOfMethodCalls,org.apache.deltaspike.core.impl.crypto.DefaultCipherService,DefaultCipherService,aesEncrypt
CipherSpec,InvalidSequenceOfMethodCalls,org.apache.deltaspike.core.impl.crypto.DefaultCipherService,DefaultCipherService,aesEncrypt
CipherSpec,InvalidSequenceOfMethodCalls,org.apache.deltaspike.core.impl.crypto.DefaultCipherService,DefaultCipherService,aesEncrypt
SecretKeySpec,InvalidSequenceOfMethodCalls,org.apache.deltaspike.core.impl.crypto.DefaultCipherService,DefaultCipherService,getSecretKeySpec
CipherSpec,UnsafeAlgorithm,org.apache.deltaspike.core.impl.crypto.DefaultCipherService,DefaultCipherService,aesDecrypt
CipherSpec,InvalidSequenceOfMethodCalls,org.apache.deltaspike.core.impl.crypto.DefaultCipherService,DefaultCipherService,aesDecrypt
CipherSpec,InvalidSequenceOfMethodCalls,org.apache.deltaspike.core.impl.crypto.DefaultCipherService,DefaultCipherService,aesDecrypt
CipherSpec,InvalidSequenceOfMethodCalls,org.apache.deltaspike.core.impl.crypto.DefaultCipherService,DefaultCipherService,aesDecrypt
CipherSpec,UnsafeAlgorithm,org.apache.deltaspike.core.impl.crypto.DefaultCipherService,DefaultCipherService,aesEncrypt
CipherSpec,InvalidSequenceOfMethodCalls,org.apache.deltaspike.core.impl.crypto.DefaultCipherService,DefaultCipherService,aesEncrypt
CipherSpec,InvalidSequenceOfMethodCalls,org.apache.deltaspike.core.impl.crypto.DefaultCipherService,DefaultCipherService,aesEncrypt
CipherSpec,InvalidSequenceOfMethodCalls,org.apache.deltaspike.core.impl.crypto.DefaultCipherService,DefaultCipherService,aesEncrypt
SecretKeySpec,InvalidSequenceOfMethodCalls,org.apache.deltaspike.core.impl.crypto.DefaultCipherService,DefaultCipherService,getSecretKeySpec
CipherSpec,UnsafeAlgorithm,org.apache.deltaspike.core.impl.crypto.DefaultCipherService,DefaultCipherService,aesDecrypt
CipherSpec,InvalidSequenceOfMethodCalls,org.apache.deltaspike.core.impl.crypto.DefaultCipherService,DefaultCipherService,aesDecrypt
CipherSpec,InvalidSequenceOfMethodCalls,org.apache.deltaspike.core.impl.crypto.DefaultCipherService,DefaultCipherService,aesDecrypt
CipherSpec,InvalidSequenceOfMethodCalls,org.apache.deltaspike.core.impl.crypto.DefaultCipherService,DefaultCipherService,aesDecrypt
CipherSpec,UnsafeAlgorithm,org.apache.deltaspike.core.impl.crypto.DefaultCipherService,DefaultCipherService,aesDecrypt
CipherSpec,InvalidSequenceOfMethodCalls,org.apache.deltaspike.core.impl.crypto.DefaultCipherService,DefaultCipherService,aesDecrypt
CipherSpec,InvalidSequenceOfMethodCalls,org.apache.deltaspike.core.impl.crypto.DefaultCipherService,DefaultCipherService,aesDecrypt
CipherSpec,InvalidSequenceOfMethodCalls,org.apache.deltaspike.core.impl.crypto.DefaultCipherService,DefaultCipherService,aesDecrypt
SecretKeySpec,InvalidSequenceOfMethodCalls,org.apache.deltaspike.core.impl.crypto.DefaultCipherService,DefaultCipherService,getSecretKeySpec
CipherSpec,UnsafeAlgorithm,org.apache.deltaspike.core.impl.crypto.DefaultCipherService,DefaultCipherService,aesEncrypt
CipherSpec,InvalidSequenceOfMethodCalls,org.apache.deltaspike.core.impl.crypto.DefaultCipherService,DefaultCipherService,aesEncrypt
CipherSpec,InvalidSequenceOfMethodCalls,org.apache.deltaspike.core.impl.crypto.DefaultCipherService,DefaultCipherService,aesEncrypt
CipherSpec,InvalidSequenceOfMethodCalls,org.apache.deltaspike.core.impl.crypto.DefaultCipherService,DefaultCipherService,aesEncrypt
CipherSpec,UnsafeAlgorithm,org.apache.deltaspike.core.impl.crypto.DefaultCipherService,DefaultCipherService,aesEncrypt
CipherSpec,InvalidSequenceOfMethodCalls,org.apache.deltaspike.core.impl.crypto.DefaultCipherService,DefaultCipherService,aesEncrypt
CipherSpec,InvalidSequenceOfMethodCalls,org.apache.deltaspike.core.impl.crypto.DefaultCipherService,DefaultCipherService,aesEncrypt
CipherSpec,InvalidSequenceOfMethodCalls,org.apache.deltaspike.core.impl.crypto.DefaultCipherService,DefaultCipherService,aesEncrypt
CipherSpec,UnsafeAlgorithm,org.apache.deltaspike.core.impl.crypto.DefaultCipherService,DefaultCipherService,aesEncrypt
CipherSpec,InvalidSequenceOfMethodCalls,org.apache.deltaspike.core.impl.crypto.DefaultCipherService,DefaultCipherService,aesEncrypt
CipherSpec,InvalidSequenceOfMethodCalls,org.apache.deltaspike.core.impl.crypto.DefaultCipherService,DefaultCipherService,aesEncrypt
CipherSpec,InvalidSequenceOfMethodCalls,org.apache.deltaspike.core.impl.crypto.DefaultCipherService,DefaultCipherService,aesEncrypt
SecretKeySpec,InvalidSequenceOfMethodCalls,org.apache.deltaspike.core.impl.crypto.DefaultCipherService,DefaultCipherService,getSecretKeySpec
CipherSpec,UnsafeAlgorithm,org.apache.deltaspike.core.impl.crypto.DefaultCipherService,DefaultCipherService,aesDecrypt
CipherSpec,InvalidSequenceOfMethodCalls,org.apache.deltaspike.core.impl.crypto.DefaultCipherService,DefaultCipherService,aesDecrypt
CipherSpec,InvalidSequenceOfMethodCalls,org.apache.deltaspike.core.impl.crypto.DefaultCipherService,DefaultCipherService,aesDecrypt
CipherSpec,InvalidSequenceOfMethodCalls,org.apache.deltaspike.core.impl.crypto.DefaultCipherService,DefaultCipherService,aesDecrypt
CipherSpec,UnsafeAlgorithm,org.apache.deltaspike.core.impl.crypto.DefaultCipherService,DefaultCipherService,aesEncrypt
CipherSpec,InvalidSequenceOfMethodCalls,org.apache.deltaspike.core.impl.crypto.DefaultCipherService,DefaultCipherService,aesEncrypt
CipherSpec,InvalidSequenceOfMethodCalls,org.apache.deltaspike.core.impl.crypto.DefaultCipherService,DefaultCipherService,aesEncrypt
CipherSpec,InvalidSequenceOfMethodCalls,org.apache.deltaspike.core.impl.crypto.DefaultCipherService,DefaultCipherService,aesEncrypt
SecretKeySpec,InvalidSequenceOfMethodCalls,org.apache.deltaspike.core.impl.crypto.DefaultCipherService,DefaultCipherService,getSecretKeySpec
CipherSpec,UnsafeAlgorithm,org.apache.deltaspike.core.impl.crypto.DefaultCipherService,DefaultCipherService,aesDecrypt
CipherSpec,InvalidSequenceOfMethodCalls,org.apache.deltaspike.core.impl.crypto.DefaultCipherService,DefaultCipherService,aesDecrypt
CipherSpec,InvalidSequenceOfMethodCalls,org.apache.deltaspike.core.impl.crypto.DefaultCipherService,DefaultCipherService,aesDecrypt
CipherSpec,InvalidSequenceOfMethodCalls,org.apache.deltaspike.core.impl.crypto.DefaultCipherService,DefaultCipherService,aesDecrypt
CipherSpec,UnsafeAlgorithm,org.apache.deltaspike.core.impl.crypto.DefaultCipherService,DefaultCipherService,aesDecrypt
CipherSpec,InvalidSequenceOfMethodCalls,org.apache.deltaspike.core.impl.crypto.DefaultCipherService,DefaultCipherService,aesDecrypt
CipherSpec,InvalidSequenceOfMethodCalls,org.apache.deltaspike.core.impl.crypto.DefaultCipherService,DefaultCipherService,aesDecrypt
CipherSpec,InvalidSequenceOfMethodCalls,org.apache.deltaspike.core.impl.crypto.DefaultCipherService,DefaultCipherService,aesDecrypt
SecretKeySpec,InvalidSequenceOfMethodCalls,org.apache.deltaspike.core.impl.crypto.DefaultCipherService,DefaultCipherService,getSecretKeySpec
CipherSpec,UnsafeAlgorithm,org.apache.deltaspike.core.impl.crypto.DefaultCipherService,DefaultCipherService,aesEncrypt
CipherSpec,InvalidSequenceOfMethodCalls,org.apache.deltaspike.core.impl.crypto.DefaultCipherService,DefaultCipherService,aesEncrypt
CipherSpec,InvalidSequenceOfMethodCalls,org.apache.deltaspike.core.impl.crypto.DefaultCipherService,DefaultCipherService,aesEncrypt
CipherSpec,InvalidSequenceOfMethodCalls,org.apache.deltaspike.core.impl.crypto.DefaultCipherService,DefaultCipherService,aesEncrypt
CipherSpec,UnsafeAlgorithm,org.apache.deltaspike.core.impl.crypto.DefaultCipherService,DefaultCipherService,aesEncrypt
CipherSpec,InvalidSequenceOfMethodCalls,org.apache.deltaspike.core.impl.crypto.DefaultCipherService,DefaultCipherService,aesEncrypt
CipherSpec,InvalidSequenceOfMethodCalls,org.apache.deltaspike.core.impl.crypto.DefaultCipherService,DefaultCipherService,aesEncrypt
CipherSpec,InvalidSequenceOfMethodCalls,org.apache.deltaspike.core.impl.crypto.DefaultCipherService,DefaultCipherService,aesEncrypt
CipherSpec,UnsafeAlgorithm,org.apache.deltaspike.core.impl.crypto.DefaultCipherService,DefaultCipherService,aesEncrypt
CipherSpec,InvalidSequenceOfMethodCalls,org.apache.deltaspike.core.impl.crypto.DefaultCipherService,DefaultCipherService,aesEncrypt
CipherSpec,InvalidSequenceOfMethodCalls,org.apache.deltaspike.core.impl.crypto.DefaultCipherService,DefaultCipherService,aesEncrypt
CipherSpec,InvalidSequenceOfMethodCalls,org.apache.deltaspike.core.impl.crypto.DefaultCipherService,DefaultCipherService,aesEncrypt
SecretKeySpec,InvalidSequenceOfMethodCalls,org.apache.deltaspike.core.impl.crypto.DefaultCipherService,DefaultCipherService,getSecretKeySpec
CipherSpec,UnsafeAlgorithm,org.apache.deltaspike.core.impl.crypto.DefaultCipherService,DefaultCipherService,aesEncrypt
CipherSpec,InvalidSequenceOfMethodCalls,org.apache.deltaspike.core.impl.crypto.DefaultCipherService,DefaultCipherService,aesEncrypt
CipherSpec,InvalidSequenceOfMethodCalls,org.apache.deltaspike.core.impl.crypto.DefaultCipherService,DefaultCipherService,aesEncrypt
CipherSpec,InvalidSequenceOfMethodCalls,org.apache.deltaspike.core.impl.crypto.DefaultCipherService,DefaultCipherService,aesEncrypt
CipherSpec,UnsafeAlgorithm,org.apache.deltaspike.core.impl.crypto.DefaultCipherService,DefaultCipherService,aesEncrypt
CipherSpec,InvalidSequenceOfMethodCalls,org.apache.deltaspike.core.impl.crypto.DefaultCipherService,DefaultCipherService,aesEncrypt
CipherSpec,InvalidSequenceOfMethodCalls,org.apache.deltaspike.core.impl.crypto.DefaultCipherService,DefaultCipherService,aesEncrypt
CipherSpec,InvalidSequenceOfMethodCalls,org.apache.deltaspike.core.impl.crypto.DefaultCipherService,DefaultCipherService,aesEncrypt
SecretKeySpec,InvalidSequenceOfMethodCalls,org.apache.deltaspike.core.impl.crypto.DefaultCipherService,DefaultCipherService,getSecretKeySpec
CipherSpec,UnsafeAlgorithm,org.apache.deltaspike.core.impl.crypto.DefaultCipherService,DefaultCipherService,aesDecrypt
CipherSpec,InvalidSequenceOfMethodCalls,org.apache.deltaspike.core.impl.crypto.DefaultCipherService,DefaultCipherService,aesDecrypt
CipherSpec,InvalidSequenceOfMethodCalls,org.apache.deltaspike.core.impl.crypto.DefaultCipherService,DefaultCipherService,aesDecrypt
CipherSpec,InvalidSequenceOfMethodCalls,org.apache.deltaspike.core.impl.crypto.DefaultCipherService,DefaultCipherService,aesDecrypt
CipherSpec,UnsafeAlgorithm,org.apache.deltaspike.core.impl.crypto.DefaultCipherService,DefaultCipherService,aesEncrypt
CipherSpec,InvalidSequenceOfMethodCalls,org.apache.deltaspike.core.impl.crypto.DefaultCipherService,DefaultCipherService,aesEncrypt
CipherSpec,InvalidSequenceOfMethodCalls,org.apache.deltaspike.core.impl.crypto.DefaultCipherService,DefaultCipherService,aesEncrypt
CipherSpec,InvalidSequenceOfMethodCalls,org.apache.deltaspike.core.impl.crypto.DefaultCipherService,DefaultCipherService,aesEncrypt
SecretKeySpec,InvalidSequenceOfMethodCalls,org.apache.deltaspike.core.impl.crypto.DefaultCipherService,DefaultCipherService,getSecretKeySpec
CipherSpec,UnsafeAlgorithm,org.apache.deltaspike.core.impl.crypto.DefaultCipherService,DefaultCipherService,aesDecrypt
CipherSpec,InvalidSequenceOfMethodCalls,org.apache.deltaspike.core.impl.crypto.DefaultCipherService,DefaultCipherService,aesDecrypt
CipherSpec,InvalidSequenceOfMethodCalls,org.apache.deltaspike.core.impl.crypto.DefaultCipherService,DefaultCipherService,aesDecrypt
CipherSpec,InvalidSequenceOfMethodCalls,org.apache.deltaspike.core.impl.crypto.DefaultCipherService,DefaultCipherService,aesDecrypt
CipherSpec,UnsafeAlgorithm,org.apache.deltaspike.core.impl.crypto.DefaultCipherService,DefaultCipherService,aesDecrypt
CipherSpec,InvalidSequenceOfMethodCalls,org.apache.deltaspike.core.impl.crypto.DefaultCipherService,DefaultCipherService,aesDecrypt
CipherSpec,InvalidSequenceOfMethodCalls,org.apache.deltaspike.core.impl.crypto.DefaultCipherService,DefaultCipherService,aesDecrypt
CipherSpec,InvalidSequenceOfMethodCalls,org.apache.deltaspike.core.impl.crypto.DefaultCipherService,DefaultCipherService,aesDecrypt
