path,name,package,is_multidex,min_sdk_version,target_sdk_version
/home/pedro/Downloads/android-apks/apks/me.hackerchick.catima_92.apk,Catima,me.hackerchick.catima,True,21,31
/home/pedro/Downloads/android-apks/apks/org.unifiedpush.example_14.apk,UP-Example,org.unifiedpush.example,False,24,30
/home/pedro/Downloads/android-apks/apks/com.btcontract.wallet_86.apk,SBW,com.btcontract.wallet,True,21,30
/home/pedro/Downloads/android-apks/apks/com.marv42.ebt.newnote_5300.apk,EBT New Note,com.marv42.ebt.newnote,False,28,30
/home/pedro/Downloads/android-apks/apks/com.gaurav.avnc_7.apk,AVNC,com.gaurav.avnc,False,21,30
/home/pedro/Downloads/android-apks/apks/tutanota.apk,Tutanota,de.tutao.tutanota,False,23,30
/home/pedro/Downloads/android-apks/apks/com.dosse.dozeoff_2.apk,DozeOff,com.dosse.dozeoff,False,23,29
/home/pedro/Downloads/android-apks/apks/co.timsmart.vouchervault_22.apk,Voucher Vault,co.timsmart.vouchervault,False,22,30
/home/pedro/Downloads/android-apks/apks/ooniprobe.apk,OONI Probe,org.openobservatory.ooniprobe,True,21,32
/home/pedro/Downloads/android-apks/apks/com.fr3ts0n.ecu.gui.androbd_20502.apk,AndrOBD,com.fr3ts0n.ecu.gui.androbd,False,17,25
/home/pedro/Downloads/android-apks/apks/com.decred.decredaddressscanner_10.apk,Decred Address Scanner,com.decred.decredaddressscanner,False,16,30
/home/pedro/Downloads/android-apks/apks/org.billthefarmer.currency_139.apk,Currency,org.billthefarmer.currency,False,14,28
/home/pedro/Downloads/android-apks/apks/com.minimalisticapps.priceconverter_6.apk,Price Converter,com.minimalisticapps.priceconverter,False,23,30
/home/pedro/Downloads/android-apks/apks/org.secuso.privacyfriendlyfinancemanager_4.apk,Finance Manager,org.secuso.privacyfriendlyfinancemanager,False,21,27
/home/pedro/Downloads/android-apks/apks/tech.bogomolov.incomingsmsgateway_7.apk,Incoming Sms Forwarder,tech.bogomolov.incomingsmsgateway,False,19,30
/home/pedro/Downloads/android-apks/apks/com.sunilpaulmathew.debloater_23.apk,De-Bloater,com.sunilpaulmathew.debloater,False,23,31
/home/pedro/Downloads/android-apks/apks/com.apk.editor_20.apk,APK Explorer & Editor,com.apk.editor,False,23,31
/home/pedro/Downloads/android-apks/apks/com.igisw.openmoneybox_44.apk,OpenMoneyBox,com.igisw.openmoneybox,False,16,29
/home/pedro/Downloads/android-apks/apks/net.ivpn.client_100.apk,IVPN,net.ivpn.client,True,21,30
/home/pedro/Downloads/android-apks/apks/protect.card_locker_39.apk,Loyalty Card Keychain,protect.card_locker,False,16,29
/home/pedro/Downloads/android-apks/apks/org.encointer.wallet_810.apk,Encointerwallet,org.encointer.wallet,False,16,29
/home/pedro/Downloads/android-apks/apks/org.alberto97.ouilookup_3.apk,OUI Lookup,org.alberto97.ouilookup,False,21,31
/home/pedro/Downloads/android-apks/apks/de.eidottermihi.raspicheck_57.apk,RasPi Check,de.eidottermihi.raspicheck,False,21,28
/home/pedro/Downloads/android-apks/apks/org.asteroidos.sync_21.apk,AsteroidOS Sync,org.asteroidos.sync,False,24,30
/home/pedro/Downloads/android-apks/apks/de.cryptobitch.muelli.vouchercalc_3.apk,Voucher Calc,de.cryptobitch.muelli.vouchercalc,False,15,24
/home/pedro/Downloads/android-apks/apks/xtra.apk,Xtra,com.github.andreyasadchy.xtra,False,21,32
/home/pedro/Downloads/android-apks/apks/de.varengold.activeTAN_34.apk,activeTAN,de.varengold.activeTAN,True,23,30
/home/pedro/Downloads/android-apks/apks/com.nishantboro.splititeasy_1.apk,Split It Easy,com.nishantboro.splititeasy,False,15,29
/home/pedro/Downloads/android-apks/apks/om.sstvencoder_26.apk,SSTV Encoder,om.sstvencoder,False,15,29
/home/pedro/Downloads/android-apks/apks/com.soumikshah.investmenttracker_3.apk,Plutus,com.soumikshah.investmenttracker,True,23,30
/home/pedro/Downloads/android-apks/apks/ch.protonvpn.android_102119009.apk,ProtonVPN,ch.protonvpn.android,True,23,30
/home/pedro/Downloads/android-apks/apks/me.kuehle.carreport_79.apk,Car Report,me.kuehle.carreport,False,15,28
/home/pedro/Downloads/android-apks/apks/de.lukaspieper.gcam.services_6.apk,Gcam Services Provider,de.lukaspieper.gcam.services,False,19,31
/home/pedro/Downloads/android-apks/apks/tech.platypush.platypush_1000100.apk,Platypush,tech.platypush.platypush,False,23,29
/home/pedro/Downloads/android-apks/apks/com.flasskamp.subz_4.apk,Subz,com.flasskamp.subz,False,21,29
/home/pedro/Downloads/android-apks/apks/io.github.yoshi1123.adbio_2.apk,ADBio,io.github.yoshi1123.adbio,False,14,29
/home/pedro/Downloads/android-apks/apks/com.vincent_falzon.discreetlauncher_44.apk,Discreet Launcher,com.vincent_falzon.discreetlauncher,False,21,30
/home/pedro/Downloads/android-apks/apks/goguma.apk,Goguma,fr.emersion.goguma,False,19,31
/home/pedro/Downloads/android-apks/apks/com.example.TTime_3.apk,TTime,com.example.TTime,False,16,30
/home/pedro/Downloads/android-apks/apks/husky.apk,Husky,su.xash.husky,False,23,32
/home/pedro/Downloads/android-apks/apks/me.hackerchick.sharetoinputstick_19.apk,Share To InputStick,me.hackerchick.sharetoinputstick,False,18,29
/home/pedro/Downloads/android-apks/apks/com.fr3ts0n.androbd.plugin.gpsprovider_10101.apk,AndrOBD GpsProvider,com.fr3ts0n.androbd.plugin.gpsprovider,False,15,25
/home/pedro/Downloads/android-apks/apks/com.rehanced.lunary_31.apk,Lunary,com.rehanced.lunary,True,16,28
/home/pedro/Downloads/android-apks/apks/com.github.webierta.call_counter_5.apk,Call Counter,com.github.webierta.call_counter,False,22,29
/home/pedro/Downloads/android-apks/apks/org.strongswan.android_75.apk,strongSwan VPN Client,org.strongswan.android,False,15,30
/home/pedro/Downloads/android-apks/apks/net.taler.cashier_1.apk,Taler Cashier,net.taler.cashier,False,24,29
/home/pedro/Downloads/android-apks/apks/org.torproject.torservices_2004.apk,TorServices,org.torproject.torservices,False,21,29
/home/pedro/Downloads/android-apks/apks/seadroid.apk,Seafile,com.seafile.seadroid2,False,21,30
/home/pedro/Downloads/android-apks/apks/com.arduia.expense_11.apk,Pro Expense,com.arduia.expense,False,21,30
/home/pedro/Downloads/android-apks/apks/com.ecuamobi.deckwallet_100.apk,Deck Wallet,com.ecuamobi.deckwallet,False,9,19
/home/pedro/Downloads/android-apks/apks/network.ubic.ubic_7.apk,UBIC Wallet,network.ubic.ubic,False,21,28
/home/pedro/Downloads/android-apks/apks/net.yolosec.routerkeygen2_80.apk,Router Keygen YoloSec,net.yolosec.routerkeygen2,False,16,29
/home/pedro/Downloads/android-apks/apks/rocketchat.apk,Rocket.Chat,chat.rocket.android,True,23,30
/home/pedro/Downloads/android-apks/apks/mattermost.apk,Mattermost Beta,com.mattermost.rnbeta,True,24,30
/home/pedro/Downloads/android-apks/apks/app.zeusln.zeus_25.apk,Zeus,app.zeusln.zeus,False,26,29
/home/pedro/Downloads/android-apks/apks/com.vrem.wifianalyzer_58.apk,WiFiAnalyzer,com.vrem.wifianalyzer,False,19,30
/home/pedro/Downloads/android-apks/apks/pro.rudloff.search_to_browser_2.apk,Search to browser,pro.rudloff.search_to_browser,False,26,29
/home/pedro/Downloads/android-apks/apks/com.invoiceninja.app_66.apk,Invoice Ninja,com.invoiceninja.app,False,19,30
/home/pedro/Downloads/android-apks/apks/com.termoneplus_362.apk,Terminal Emulator,com.termoneplus,False,14,31
/home/pedro/Downloads/android-apks/apks/kasun.sinhala.keyboard_6.apk,Sithakuru,kasun.sinhala.keyboard,False,21,31
/home/pedro/Downloads/android-apks/apks/io.rebble.charon_5.apk,Sideloader,io.rebble.charon,False,18,30
/home/pedro/Downloads/android-apks/apks/com.app.missednotificationsreminder_2010605222.apk,Missed Notifications Reminder,com.app.missednotificationsreminder,True,18,29
/home/pedro/Downloads/android-apks/apks/de.tu_chemnitz.wlan_17.apk,TUC WLAN,de.tu_chemnitz.wlan,False,18,29
/home/pedro/Downloads/android-apks/apks/nodomain.freeyourgadget.gadgetbridge_208.apk,Gadgetbridge,nodomain.freeyourgadget.gadgetbridge,False,19,29
/home/pedro/Downloads/android-apks/apks/com.vgorcum.minedmonero_2.apk,minedmonero,com.vgorcum.minedmonero,False,19,26
/home/pedro/Downloads/android-apks/apks/wb.receiptspro_120.apk,Smart Receipts Pro,wb.receiptspro,False,10,21
/home/pedro/Downloads/android-apks/apks/infinity.apk,Infinity,ml.docilealligator.infinityforreddit,True,21,31
/home/pedro/Downloads/android-apks/apks/dummydomain.yetanothercallblocker_5170.apk,Yet Another Call Blocker,dummydomain.yetanothercallblocker,False,14,30
/home/pedro/Downloads/android-apks/apks/com.github.muellerma.coffee_14.apk,Coffee,com.github.muellerma.coffee,False,21,30
/home/pedro/Downloads/android-apks/apks/com.jstephan.yarc_1.apk,YARC,com.jstephan.yarc,False,21,28
/home/pedro/Downloads/android-apks/apks/net.mullvad.mullvadvpn_21010099.apk,Mullvad VPN,net.mullvad.mullvadvpn,False,24,30
/home/pedro/Downloads/android-apks/apks/com.nextcloudpasswords_16.apk,NextcloudPasswords,com.nextcloudpasswords,False,16,29
/home/pedro/Downloads/android-apks/apks/net.i2p.android.router_4745261.apk,I2P,net.i2p.android.router,False,14,29
/home/pedro/Downloads/android-apks/apks/net.ktnx.mobileledger_47.apk,MoLe,net.ktnx.mobileledger,True,22,30
/home/pedro/Downloads/android-apks/apks/it.danieleverducci.nextcloudmaps_5.apk,Maps Geobookmarks,it.danieleverducci.nextcloudmaps,False,23,30
/home/pedro/Downloads/android-apks/apks/com.outdoordevs.ellaism.wallet_35.apk,@7F080027,com.outdoordevs.ellaism.wallet,True,16,26
/home/pedro/Downloads/android-apks/apks/com.simplemobiletools.voicerecorder_17.apk,Voice Recorder,com.simplemobiletools.voicerecorder,True,21,30
/home/pedro/Downloads/android-apks/apks/org.secuso.privacyfriendlypasswordgenerator_5.apk,Password Generator,org.secuso.privacyfriendlypasswordgenerator,False,21,29
/home/pedro/Downloads/android-apks/apks/cx.ring_324.apk,Jami,cx.ring,False,21,31
/home/pedro/Downloads/android-apks/apks/skytube.apk,SkyTube,free.rm.skytube.oss,True,19,28
/home/pedro/Downloads/android-apks/apks/com.fmsys.snapdrop_18.apk,Snapdrop,com.fmsys.snapdrop,False,21,31
/home/pedro/Downloads/android-apks/apks/mensaeth.apk,Mensa,ch.famoser.mensa,False,21,33
/home/pedro/Downloads/android-apks/apks/com.etesync.notes_10700.apk,EteSync Notes,com.etesync.notes,True,21,29
/home/pedro/Downloads/android-apks/apks/com.simplemobiletools.dialer_32.apk,Dialer,com.simplemobiletools.dialer,False,23,30
/home/pedro/Downloads/android-apks/apks/com.mattallen.loaned_3.apk,Loaned,com.mattallen.loaned,False,14,19
/home/pedro/Downloads/android-apks/apks/davx5.apk,DAVx⁵,at.bitfire.davdroid,True,21,32
/home/pedro/Downloads/android-apks/apks/schildichat.apk,SchildiChat,de.spiritcroc.riotx,True,21,31
/home/pedro/Downloads/android-apks/apks/com.smartpack.kernelprofiler_13.apk,Kernel Profiler,com.smartpack.kernelprofiler,False,23,30
/home/pedro/Downloads/android-apks/apks/com.hearham.repeaterstart_7.apk,RepeaterSTART,com.hearham.repeaterstart,False,19,30
/home/pedro/Downloads/android-apks/apks/com.klee.volumelockr_5.apk,VolumeLockr,com.klee.volumelockr,False,16,30
/home/pedro/Downloads/android-apks/apks/com.greenaddress.greenbits_android_wallet_22000376.apk,Green,com.greenaddress.greenbits_android_wallet,True,23,30
/home/pedro/Downloads/android-apks/apks/com.alaskalinuxuser.justcraigslist_10.apk,Just Craigslist,com.alaskalinuxuser.justcraigslist,False,15,24
/home/pedro/Downloads/android-apks/apks/jami.apk,Jami,cx.ring,False,24,32
/home/pedro/Downloads/android-apks/apks/com.github.tmo1.sms_ie_5.apk,SMS Import / Export,com.github.tmo1.sms_ie,False,23,31
/home/pedro/Downloads/android-apks/apks/net.tjado.usbgadget_4.apk,USB Gadget Tool,net.tjado.usbgadget,False,23,29
/home/pedro/Downloads/android-apks/apks/bilidownload.apk,BVD,cc.kafuu.bilidownload,False,21,31
/home/pedro/Downloads/android-apks/apks/com.nextcloud_cookbook_flutter_19.apk,Nextcloud Cookbook,com.nextcloud_cookbook_flutter,False,18,29
/home/pedro/Downloads/android-apks/apks/ch.rmy.android.http_shortcuts_1102120001.apk,HTTP Shortcuts,ch.rmy.android.http_shortcuts,False,21,31
/home/pedro/Downloads/android-apks/apks/dk.kjeldsen.carwingsflutter_193.apk,My Leaf,dk.kjeldsen.carwingsflutter,False,16,30
/home/pedro/Downloads/android-apks/apks/us.spotco.extirpater_22.apk,Extirpater,us.spotco.extirpater,False,14,30
/home/pedro/Downloads/android-apks/apks/com.xvzan.simplemoneytracker_20200725.apk,Simple Money Tracker,com.xvzan.simplemoneytracker,False,24,30
/home/pedro/Downloads/android-apks/apks/privacyweather.apk,Weather,org.secuso.privacyfriendlyweather,False,17,32
/home/pedro/Downloads/android-apks/apks/io.treehouses.remote_6098.apk,Treehouses Remote,io.treehouses.remote,False,15,29
/home/pedro/Downloads/android-apks/apks/godau.fynn.usagedirect.system_9.apk,Museum of a broken API,godau.fynn.usagedirect.system,True,21,28
/home/pedro/Downloads/android-apks/apks/fosswarn.apk,FOSS Warn,de.nucleus.foss_warn,False,23,30
/home/pedro/Downloads/android-apks/apks/me.impa.knockonports_46.apk,Knock on Ports,me.impa.knockonports,False,15,30
/home/pedro/Downloads/android-apks/apks/jelly.apk,jQuarks,com.oF2pks.jquarks,False,23,29
/home/pedro/Downloads/android-apks/apks/com.smilla.greentooth_5.apk,Greentooth,com.smilla.greentooth,False,16,29
/home/pedro/Downloads/android-apks/apks/ademar.bitac_5.apk,BitAC,ademar.bitac,False,24,29
/home/pedro/Downloads/android-apks/apks/com.smartpack.packagemanager_59.apk,Package Manager,com.smartpack.packagemanager,False,23,31
/home/pedro/Downloads/android-apks/apks/com.coinerella.peercoin_60.apk,Peercoin,com.coinerella.peercoin,False,20,30
/home/pedro/Downloads/android-apks/apks/tmendes.com.analyticalbalancedroid_3.apk,Food Scale Droid,tmendes.com.analyticalbalancedroid,False,21,25
/home/pedro/Downloads/android-apks/apks/us.spotco.malwarescanner_76.apk,Hypatia,us.spotco.malwarescanner,False,16,29
/home/pedro/Downloads/android-apks/apks/com.lesspass.android_90503.apk,LessPass,com.lesspass.android,True,21,30
/home/pedro/Downloads/android-apks/apks/com.smartpack.kernelmanager_171.apk,SmartPack-Kernel Manager,com.smartpack.kernelmanager,False,21,31
/home/pedro/Downloads/android-apks/apks/com.wireguard.android_491.apk,WireGuard,com.wireguard.android,True,21,30
/home/pedro/Downloads/android-apks/apks/mull.apk,Mull,us.spotco.fennec_dos,True,21,32
/home/pedro/Downloads/android-apks/apks/com.brentpanther.bitcoinwidget_287.apk,Simple Crypto Widget,com.brentpanther.bitcoinwidget,False,23,31
/home/pedro/Downloads/android-apks/apks/com.pvpc.precio_luz_24.apk,Precio Luz,com.pvpc.precio_luz,False,16,28
/home/pedro/Downloads/android-apks/apks/com.money.manager.ex_1000.apk,Money Manager Ex,com.money.manager.ex,True,19,28
/home/pedro/Downloads/android-apks/apks/net.christianbeier.droidvnc_ng_9.apk,droidVNC-NG,net.christianbeier.droidvnc_ng,False,24,29
/home/pedro/Downloads/android-apks/apks/io.github.powerinside.syncplay_23.apk,SyncPlayer,io.github.powerinside.syncplay,False,16,30
/home/pedro/Downloads/android-apks/apks/de.drhoffmannsoft.pizza_11.apk,Pizza Cost,de.drhoffmannsoft.pizza,False,8,12
/home/pedro/Downloads/android-apks/apks/com.denytheflowerpot.scrunch_2.apk,Scrunch,com.denytheflowerpot.scrunch,False,28,31
/home/pedro/Downloads/android-apks/apks/com.nighthawkapps.wallet.android_10030800.apk,Nighthawk,com.nighthawkapps.wallet.android,True,23,31
/home/pedro/Downloads/android-apks/apks/com.polar.nextcloudservices_11.apk,Nextcloud Services,com.polar.nextcloudservices,False,25,29
/home/pedro/Downloads/android-apks/apks/com.cosmos.candle_6.apk,Candle,com.cosmos.candle,False,23,31
/home/pedro/Downloads/android-apks/apks/crocgui.apk,Croc,com.github.howeyc.crocgui,False,15,30
/home/pedro/Downloads/android-apks/apks/at.bitfire.nophonespam_15.apk,NoPhoneSpam,at.bitfire.nophonespam,False,14,28
/home/pedro/Downloads/android-apks/apks/pro.kherel.selfprivacy_8.apk,SelfPrivacy,pro.kherel.selfprivacy,False,18,29
/home/pedro/Downloads/android-apks/apks/com.pvcodes.debtcalc_3.apk,DebtCalc,com.pvcodes.debtcalc,False,21,31
/home/pedro/Downloads/android-apks/apks/me.billdietrich.fake_contacts_4.apk,Fake Contacts,me.billdietrich.fake_contacts,False,16,30
/home/pedro/Downloads/android-apks/apks/com.example.flutter_http_server_30.apk,ServeIt,com.example.flutter_http_server,False,16,30
/home/pedro/Downloads/android-apks/apks/webcall.apk,WebCall,timur.webcall.callee,False,21,31
/home/pedro/Downloads/android-apks/apks/io.github.muntashirakon.setedit_6.apk,Settings Database Editor,io.github.muntashirakon.setedit,False,14,22
/home/pedro/Downloads/android-apks/apks/org.walleth_514.apk,WallΞTH,org.walleth,True,16,30
/home/pedro/Downloads/android-apks/apks/com.svenjacobs.app.leon_229.apk,URL Cleaner,com.svenjacobs.app.leon,False,21,31
/home/pedro/Downloads/android-apks/apks/com.daemon.ssh_12.apk,SshDaemon,com.daemon.ssh,False,26,30
/home/pedro/Downloads/android-apks/apks/com.jkuester.unlauncher_14.apk,Unlauncher,com.jkuester.unlauncher,False,21,30
/home/pedro/Downloads/android-apks/apks/lu.fisch.canze_94.apk,CanZE,lu.fisch.canze,False,21,29
/home/pedro/Downloads/android-apks/apks/com.dx.anonymousmessenger_46.apk,Anonymous Messenger,com.dx.anonymousmessenger,False,21,30
/home/pedro/Downloads/android-apks/apks/conversations.apk,Conversations,eu.siacs.conversations,False,21,32
/home/pedro/Downloads/android-apks/apks/dev.marchello.sharik_13.apk,Sharik,dev.marchello.sharik,False,16,31
/home/pedro/Downloads/android-apks/apks/v2ex.apk,V2EX,im.fdx.v2ex,False,22,31
/home/pedro/Downloads/android-apks/apks/com.genonbeta.TrebleShot_104.apk,TrebleShot,com.genonbeta.TrebleShot,True,16,30
/home/pedro/Downloads/android-apks/apks/ru.henridellal.dialer_14.apk,Emerald Dialer,ru.henridellal.dialer,False,21,30
/home/pedro/Downloads/android-apks/apks/org.booncode.bluepass4_5.apk,BluePass4,org.booncode.bluepass4,True,29,29
/home/pedro/Downloads/android-apks/apks/shadowsocks.apk,Shadowsocks,com.github.shadowsocks,True,23,33
/home/pedro/Downloads/android-apks/apks/io.github.sds100.keymapper_50.apk,Key Mapper,io.github.sds100.keymapper,False,21,30
/home/pedro/Downloads/android-apks/apks/newpipe.apk,NewPipe,org.schabi.newpipe,True,19,29
/home/pedro/Downloads/android-apks/apks/org.totschnig.myexpenses_500.apk,My Expenses,org.totschnig.myexpenses,False,16,30
/home/pedro/Downloads/android-apks/apks/org.ebur.debitum_14.apk,Debitum,org.ebur.debitum,False,24,30
/home/pedro/Downloads/android-apks/apks/mattecarra.accapp_39.apk,AccA,mattecarra.accapp,True,16,30
/home/pedro/Downloads/android-apks/apks/hashengineering.darkcoin.wallet_70311.apk,Dash Wallet,hashengineering.darkcoin.wallet,True,19,30
/home/pedro/Downloads/android-apks/apks/org.ea.sqrl_54.apk,SQRL Login,org.ea.sqrl,False,16,30
/home/pedro/Downloads/android-apks/apks/org.irmacard.cardemu_136.apk,IRMA,org.irmacard.cardemu,False,21,30
/home/pedro/Downloads/android-apks/apks/at.h4x.metaapp_10102.apk,MetaApp,at.h4x.metaapp,False,14,29
/home/pedro/Downloads/android-apks/apks/kuroba.apk,KurobaEx-fdroid,com.github.k1rakishou.chan.fdroid,True,21,31
/home/pedro/Downloads/android-apks/apks/org.shadowice.flocke.andotp_39.apk,andOTP,org.shadowice.flocke.andotp,True,22,30
/home/pedro/Downloads/android-apks/apks/io.lbry.browser_17011.apk,LBRY,io.lbry.browser,True,21,29
/home/pedro/Downloads/android-apks/apks/de.schildbach.wallet_817.apk,Bitcoin Wallet,de.schildbach.wallet,False,23,29
/home/pedro/Downloads/android-apks/apks/com.securefilemanager.app_12.apk,Secure File Manager Beta,com.securefilemanager.app,False,26,29
/home/pedro/Downloads/android-apks/apks/threads.server_272.apk,IPFS Lite,threads.server,False,28,32
/home/pedro/Downloads/android-apks/apks/me.lucky.silence_30.apk,Silence,me.lucky.silence,False,29,31
/home/pedro/Downloads/android-apks/apks/de.bitsharesmunich.wallet_100038.apk,BitShares Wallet,de.bitsharesmunich.wallet,False,14,23
/home/pedro/Downloads/android-apks/apks/me.hackerchick.raisetoanswer_31.apk,Raise To Answer,me.hackerchick.raisetoanswer,False,26,30
/home/pedro/Downloads/android-apks/apks/org.dash.electrum.electrum_dash_401050001.apk,Dash Electrum,org.dash.electrum.electrum_dash,False,21,29
/home/pedro/Downloads/android-apks/apks/de.cloneapps.crypto_prices_26.apk,Crypto Prices,de.cloneapps.crypto_prices,False,23,30
/home/pedro/Downloads/android-apks/apks/com.notriddle.budget_44.apk,Budget,com.notriddle.budget,False,15,19
/home/pedro/Downloads/android-apks/apks/protect.budgetwatch_29.apk,Budget Watch,protect.budgetwatch,False,14,27
/home/pedro/Downloads/android-apks/apks/fritter.apk,Fritter,com.jonjomckay.fritter,False,16,31
/home/pedro/Downloads/android-apks/apks/com.crazylegend.vigilante_17.apk,Vigilante,com.crazylegend.vigilante,False,24,30
/home/pedro/Downloads/android-apks/apks/gugal.apk,Gugal,com.porg.gugal,True,27,31
/home/pedro/Downloads/android-apks/apks/co.garmax.materialflashlight_29.apk,Material Flashlight,co.garmax.materialflashlight,False,16,31
/home/pedro/Downloads/android-apks/apks/de.schildbach.wallet_test_817.apk,Bitcoin Wallet [testnet3],de.schildbach.wallet_test,False,23,29
/home/pedro/Downloads/android-apks/apks/net.dcnnt_22.apk,Device Connect,net.dcnnt,False,22,30
/home/pedro/Downloads/android-apks/apks/org.tether.tether_2007.apk,Syphon,org.tether.tether,False,18,30
/home/pedro/Downloads/android-apks/apks/com.repay.android_25.apk,Repay,com.repay.android,False,14,19
/home/pedro/Downloads/android-apks/apks/com.vincent_falzon.discreetlauncher_44 (1).apk,Discreet Launcher,com.vincent_falzon.discreetlauncher,False,21,30
/home/pedro/Downloads/android-apks/apks/radarweather.apk,RadarWeather,org.woheller69.weather,False,21,29
/home/pedro/Downloads/android-apks/apks/org.weilbach.splitbills_22.apk,SplitBills,org.weilbach.splitbills,False,19,28
/home/pedro/Downloads/android-apks/apks/ivl.android.moneybalance_6.apk,MoneyBalance,ivl.android.moneybalance,False,8,23
/home/pedro/Downloads/android-apks/apks/com.github.olga_yakovleva.rhvoice.android_10600.apk,RHVoice,com.github.olga_yakovleva.rhvoice.android,False,16,30
/home/pedro/Downloads/android-apks/apks/com.jeroen1602.lighthouse_pm_8.apk,Lighthouse PM,com.jeroen1602.lighthouse_pm,False,19,30
/home/pedro/Downloads/android-apks/apks/de.langerhans.wallet_400.apk,Dogecoin Wallet,de.langerhans.wallet,False,23,29
/home/pedro/Downloads/android-apks/apks/fr.jnda.android.flashalert_10271104.apk,FlashAlert,fr.jnda.android.flashalert,False,23,31
/home/pedro/Downloads/android-apks/apks/io.horizontalsystems.bankwallet_52.apk,Unstoppable,io.horizontalsystems.bankwallet,True,26,30
/home/pedro/Downloads/android-apks/apks/name.lmj001.savetodevice_3.apk,Save,name.lmj001.savetodevice,False,23,30
/home/pedro/Downloads/android-apks/apks/com.beemdevelopment.aegis_50.apk,Aegis,com.beemdevelopment.aegis,True,21,30
/home/pedro/Downloads/android-apks/apks/zulip.apk,Zulip,com.zulipmobile,True,24,31
/home/pedro/Downloads/android-apks/apks/opencontacts.open.com.opencontacts_23.apk,OpenContacts,opencontacts.open.com.opencontacts,False,14,29
/home/pedro/Downloads/android-apks/apks/com.dosse.airpods_18.apk,OpenPods,com.dosse.airpods,False,23,31
/home/pedro/Downloads/android-apks/apks/nunti.apk,Nunti,com.nunti,False,26,31
/home/pedro/Downloads/android-apks/apks/com.greenaddress.greenbits_android_wallet.testnet_205.apk,GreenBits (testnet),com.greenaddress.greenbits_android_wallet.testnet,True,19,27
/home/pedro/Downloads/android-apks/apks/com.wa2c.android.cifsdocumentsprovider_8.apk,CIFS Documents Provider,com.wa2c.android.cifsdocumentsprovider,True,26,31
/home/pedro/Downloads/android-apks/apks/io.bluewallet.bluewallet_60205.apk,BlueWallet,io.bluewallet.bluewallet,True,28,30
/home/pedro/Downloads/android-apks/apks/com.ebaschiera.triplecamel_14.apk,TripleCamel,com.ebaschiera.triplecamel,False,14,30
/home/pedro/Downloads/android-apks/apks/moe.dic1911.autodnd_3.apk,AutoDND,moe.dic1911.autodnd,False,26,30
/home/pedro/Downloads/android-apks/apks/fairemail.apk,FairEmail,eu.faircode.email,True,21,33
/home/pedro/Downloads/android-apks/apks/ee.smkv.calc.loan_52.apk,Simple Loan Calculator,ee.smkv.calc.loan,False,5,5
/home/pedro/Downloads/android-apks/apks/de.selfnet.wifisetup_6.apk,Selfnet Wi-Fi Setup,de.selfnet.wifisetup,False,23,30
/home/pedro/Downloads/android-apks/apks/dev.leonlatsch.photok_18.apk,Photok,dev.leonlatsch.photok,True,24,30
/home/pedro/Downloads/android-apks/apks/org.unifiedpush.distributor.noprovider2push_7.apk,NoProvider2Push,org.unifiedpush.distributor.noprovider2push,True,24,30
/home/pedro/Downloads/android-apks/apks/de.chaosdorf.meteroid_41.apk,meteroid,de.chaosdorf.meteroid,False,14,30
/home/pedro/Downloads/android-apks/apks/de.k3b.android.camerafolder_1.apk,Camera Folder,de.k3b.android.camerafolder,False,19,29
/home/pedro/Downloads/android-apks/apks/sushi.hardcore.droidfs_21.apk,DroidFS,sushi.hardcore.droidfs,False,21,29
/home/pedro/Downloads/android-apks/apks/com.smartpack.busyboxinstaller_17.apk,BusyBox Installer,com.smartpack.busyboxinstaller,False,23,30
/home/pedro/Downloads/android-apks/apks/org.lumicall.android_192.apk,Lumicall,org.lumicall.android,False,8,8
/home/pedro/Downloads/android-apks/apks/com.nanoconverter.zlab_38.apk,nanoConverter,com.nanoconverter.zlab,False,7,7
/home/pedro/Downloads/android-apks/apks/com.lightning.walletapp_159.apk,BLW,com.lightning.walletapp,True,21,29
/home/pedro/Downloads/android-apks/apks/com.aaronjwood.portauthority_63.apk,Port Authority,com.aaronjwood.portauthority,False,14,29
/home/pedro/Downloads/android-apks/apks/nitezh.ministock_80.apk,Ministocks,nitezh.ministock,False,19,28
/home/pedro/Downloads/android-apks/apks/im.status.ethereum_2021102112.apk,Status,im.status.ethereum,True,23,30
/home/pedro/Downloads/android-apks/apks/com.brentpanther.ethereumwidget_33.apk,Simple Ethereum Widget,com.brentpanther.ethereumwidget,False,17,26
/home/pedro/Downloads/android-apks/apks/org.billthefarmer.specie_1.apk,Specie,org.billthefarmer.specie,False,14,28
/home/pedro/Downloads/android-apks/apks/de.jbservices.nc_passwords_app_20.apk,NC Passwords,de.jbservices.nc_passwords_app,False,22,31
/home/pedro/Downloads/android-apks/apks/io.homeassistant.companion.android.minimal_1818.apk,Home Assistant,io.homeassistant.companion.android.minimal,True,21,31
/home/pedro/Downloads/android-apks/apks/com.u2fa.secur_5.apk,Secur,com.u2fa.secur,False,19,30
/home/pedro/Downloads/android-apks/apks/com.aravi.dot_30009.apk,SafeDot,com.aravi.dot,False,24,30
/home/pedro/Downloads/android-apks/apks/ooo.akito.webmon_12.apk,Webmon,ooo.akito.webmon,True,19,31
/home/pedro/Downloads/android-apks/apks/vernet.apk,Vernet,org.fsociety.vernet,False,16,31
/home/pedro/Downloads/android-apks/apks/org.elijaxapps.androidxmrigminer_5.apk,AndroidMiner,org.elijaxapps.androidxmrigminer,False,23,26
/home/pedro/Downloads/android-apks/apks/org.pacien.tincapp_33.apk,Tinc App,org.pacien.tincapp,False,21,30
/home/pedro/Downloads/android-apks/apks/com.etesync.syncadapter_20204.apk,EteSync,com.etesync.syncadapter,True,21,29
/home/pedro/Downloads/android-apks/apks/io.github.domi04151309.batterytool_101.apk,Battery Tool,io.github.domi04151309.batterytool,False,23,30
/home/pedro/Downloads/android-apks/apks/io.github.muntashirakon.AppManager_397.apk,App Manager,io.github.muntashirakon.AppManager,True,21,30
/home/pedro/Downloads/android-apks/apks/se.manyver_115.apk,Manyverse,se.manyver,True,21,26
/home/pedro/Downloads/android-apks/apks/com.emanuelef.remote_capture_42.apk,PCAPdroid,com.emanuelef.remote_capture,False,21,31
/home/pedro/Downloads/android-apks/apks/de.blocklink.pigrid_5.apk,PiGrid Companion,de.blocklink.pigrid,False,21,28
/home/pedro/Downloads/android-apks/apks/bluepie.ad_silence_11.apk,Ad-silence,bluepie.ad_silence,False,21,31
/home/pedro/Downloads/android-apks/apks/me.yardenac.comaphone_27.apk,Coma Phone,me.yardenac.comaphone,False,26,29
/home/pedro/Downloads/android-apks/apks/tech.projectmatris.antimalwareapp_10400.apk,LibreAV,tech.projectmatris.antimalwareapp,False,16,31
/home/pedro/Downloads/android-apks/apks/com.szchoiceway.aios.bridge_8.apk,Alt Launcher,com.szchoiceway.aios.bridge,False,28,28
/home/pedro/Downloads/android-apks/apks/com.nitish.privacyindicator_8.apk,Privacy Indicators,com.nitish.privacyindicator,False,24,30
/home/pedro/Downloads/android-apks/apks/com.cohenchris.weeklybudget_6.apk,WeeklyBudget,com.cohenchris.weeklybudget,False,28,31
/home/pedro/Downloads/android-apks/apks/com.pierreduchemin.smsforward_15.apk,SMS Forward,com.pierreduchemin.smsforward,False,21,30
/home/pedro/Downloads/android-apks/apks/trifa.apk,TRIfA,com.zoffcc.applications.trifa,True,19,30
/home/pedro/Downloads/android-apks/apks/com.eletac.tronwallet_37.apk,Tron Wallet,com.eletac.tronwallet,True,21,27
/home/pedro/Downloads/android-apks/apks/com.smartpack.scriptmanager_41.apk,Script Manager,com.smartpack.scriptmanager,False,23,30
/home/pedro/Downloads/android-apks/apks/com.oasisfeng.island.fdroid_51601.apk,Insular,com.oasisfeng.island.fdroid,False,27,29
/home/pedro/Downloads/android-apks/apks/de.salomax.currencies_11000.apk,Currencies,de.salomax.currencies,False,26,31
/home/pedro/Downloads/android-apks/apks/de.php_tech.piggybudget_25.apk,piggybudget,de.php_tech.piggybudget,False,16,27
/home/pedro/Downloads/android-apks/apks/design.codeux.authpass.fdroid_159.apk,AuthPass,design.codeux.authpass.fdroid,False,23,30
/home/pedro/Downloads/android-apks/apks/aq.metallists.loudbang_45.apk,Loud Bang,aq.metallists.loudbang,False,14,30
/home/pedro/Downloads/android-apks/apks/com.matejdro.pebbledialer_41.apk,Dialer for Pebble,com.matejdro.pebbledialer,False,14,25
/home/pedro/Downloads/android-apks/apks/com.github.muellerma.prepaidbalance_10.apk,Prepaid Balance,com.github.muellerma.prepaidbalance,False,26,31
/home/pedro/Downloads/android-apks/apks/anonaddy.apk,AnonAddy,host.stjin.anonaddy,True,23,33
/home/pedro/Downloads/android-apks/apks/net.sylvek.itracing2_82.apk,iTracing2,net.sylvek.itracing2,False,22,29
/home/pedro/Downloads/android-apks/apks/betterschedule.apk,Better schedule,cz.vitskalicky.lepsirozvrh,True,21,32
/home/pedro/Downloads/android-apks/apks/eu.faircode.netguard_2021111301.apk,NetGuard,eu.faircode.netguard,False,22,30
/home/pedro/Downloads/android-apks/apks/org.jdfossapps.android.shopwithmom_5.apk,Shop with mom,org.jdfossapps.android.shopwithmom,False,14,30
/home/pedro/Downloads/android-apks/apks/com.greenaddress.abcore_77.apk,ABCore,com.greenaddress.abcore,False,21,28
/home/pedro/Downloads/android-apks/apks/at.zweng.bankomatinfos2_16.apk,Bankomat Card Infos 2,at.zweng.bankomatinfos2,False,15,19
/home/pedro/Downloads/android-apks/apks/xyz.hisname.fireflyiii_104.apk,Photuris III,xyz.hisname.fireflyiii,True,23,30
/home/pedro/Downloads/android-apks/apks/luke.launcher_20003.apk,LukeLauncher,luke.launcher,False,21,28
/home/pedro/Downloads/android-apks/apks/pw.thedrhax.mosmetro_77.apk,Moscow Wi-Fi autologin,pw.thedrhax.mosmetro,False,14,25
/home/pedro/Downloads/android-apks/apks/protect.gift_card_guard_6.apk,Gift Card Guard,protect.gift_card_guard,False,13,23
/home/pedro/Downloads/android-apks/apks/ie.defo.ech_apps_1014003.apk,ECH Apps,ie.defo.ech_apps,True,22,25
/home/pedro/Downloads/android-apks/apks/com.brentpanther.bitcoincashwidget_23.apk,Simple Bitcoin Cash Widget,com.brentpanther.bitcoincashwidget,False,17,26
/home/pedro/Downloads/android-apks/apks/de.k4ever.k4android_10.apk,k4android,de.k4ever.k4android,False,14,25
/home/pedro/Downloads/android-apks/apks/org.ostrya.presencepublisher_42.apk,Presence Publisher,org.ostrya.presencepublisher,False,14,31
/home/pedro/Downloads/android-apks/apks/protect.rentalcalc_6.apk,Rental Calc,protect.rentalcalc,False,16,27
/home/pedro/Downloads/android-apks/apks/io.github.muntashirakon.unapkm_4.apk,UnApkm,io.github.muntashirakon.unapkm,False,21,30
/home/pedro/Downloads/android-apks/apks/kuesji.link_eye_4.apk,link eye,kuesji.link_eye,False,23,30
/home/pedro/Downloads/android-apks/apks/com.tailscale.ipn_82.apk,Tailscale,com.tailscale.ipn,False,22,30
/home/pedro/Downloads/android-apks/apks/us.spotco.motionlock_14.apk,MotionLock,us.spotco.motionlock,False,14,30
/home/pedro/Downloads/android-apks/apks/ru.valle.btc_260.apk,Paper Wallet,ru.valle.btc,False,4,25
/home/pedro/Downloads/android-apks/apks/com.serwylo.babyphone_5.apk,Baby Phone,com.serwylo.babyphone,False,22,30
/home/pedro/Downloads/android-apks/apks/com.simplemobiletools.smsmessenger_41.apk,SMS Messenger,com.simplemobiletools.smsmessenger,True,22,30
/home/pedro/Downloads/android-apks/apks/com.vecturagames.android.app.passwordmaster_6.apk,Password Master,com.vecturagames.android.app.passwordmaster,True,14,30
/home/pedro/Downloads/android-apks/apks/taco.scoop_32.apk,Scoop,taco.scoop,False,21,31
/home/pedro/Downloads/android-apks/apks/com.oF2pks.chairlock_17.apk,Chairlock,com.oF2pks.chairlock,False,16,30
/home/pedro/Downloads/android-apks/apks/com.vecturagames.android.app.passwordgenerator_34.apk,Password Generator,com.vecturagames.android.app.passwordgenerator,False,14,30
/home/pedro/Downloads/android-apks/apks/com.looker.droidify_43.apk,Droid-ify,com.looker.droidify,False,21,31
/home/pedro/Downloads/android-apks/apks/com.jens.automation2_115.apk,Automation,com.jens.automation2,False,16,28
/home/pedro/Downloads/android-apks/apks/hashengineering.groestlcoin.wallet_test_81401.apk,Groestlcoin Wallet TestNet,hashengineering.groestlcoin.wallet_test,False,21,29
/home/pedro/Downloads/android-apks/apks/net.xvello.salasana_3.apk,Salasana,net.xvello.salasana,False,21,32
/home/pedro/Downloads/android-apks/apks/com.toxtox.philosopherstonewidget_3.apk,Simple Philosopherstone Widget,com.toxtox.philosopherstonewidget,False,17,26
/home/pedro/Downloads/android-apks/apks/com.aidinhut.simpletextcrypt_12.apk,SimpleTextCrypt,com.aidinhut.simpletextcrypt,False,15,30
/home/pedro/Downloads/android-apks/apks/com.github.rsteube.t4_4.apk,T4 Launcher,com.github.rsteube.t4,False,14,28
/home/pedro/Downloads/android-apks/apks/dev.patrickgold.florisboard_56.apk,FlorisBoard,dev.patrickgold.florisboard,False,23,30
/home/pedro/Downloads/android-apks/apks/app.crescentcash.src_120.apk,Crescent,app.crescentcash.src,True,23,29
/home/pedro/Downloads/android-apks/apks/me.zhanghai.android.files_25.apk,Material Files,me.zhanghai.android.files,False,21,29
/home/pedro/Downloads/android-apks/apks/de.ccc.events.badge.card10_9.apk,card10 Companion,de.ccc.events.badge.card10,False,21,29
/home/pedro/Downloads/android-apks/apks/de.koelle.christian.trickytripper_25.apk,Tricky Tripper,de.koelle.christian.trickytripper,False,14,29
/home/pedro/Downloads/android-apks/apks/net.ibbaa.keepitup_2.apk,Keep it up,net.ibbaa.keepitup,False,21,30
/home/pedro/Downloads/android-apks/apks/net.taler.merchantpos_2.apk,GNU Taler Point-of-Sale,net.taler.merchantpos,False,24,29
/home/pedro/Downloads/android-apks/apks/org.tryton.client_6.apk,Tryton,org.tryton.client,False,4,4
/home/pedro/Downloads/android-apks/apks/org.briarproject.briar.android_10403.apk,Briar,org.briarproject.briar.android,False,16,30
/home/pedro/Downloads/android-apks/apks/com.hwloc.lstopo_265.apk,hwloc lstopo,com.hwloc.lstopo,False,21,30
/home/pedro/Downloads/android-apks/apks/com.hykwok.CurrencyConverter_2.apk,Currency Converter,com.hykwok.CurrencyConverter,False,8,8
/home/pedro/Downloads/android-apks/apks/org.jitsi.meet_216000.apk,Jitsi Meet,org.jitsi.meet,False,23,31
/home/pedro/Downloads/android-apks/apks/cheogram.apk,Cheogram,com.cheogram.android,False,21,30
/home/pedro/Downloads/android-apks/apks/com.emmanuelmess.simpleaccounting_23.apk,Simple Accounting,com.emmanuelmess.simpleaccounting,False,14,28
/home/pedro/Downloads/android-apks/apks/net.eneiluj.moneybuster_35.apk,MoneyBuster,net.eneiluj.moneybuster,True,23,31
/home/pedro/Downloads/android-apks/apks/org.safecoin.safeprice_1.apk,SafePrice,org.safecoin.safeprice,False,14,29
/home/pedro/Downloads/android-apks/apks/com.fproject.cryptolitycs_1.apk,Cryptolitycs,com.fproject.cryptolitycs,False,19,26
/home/pedro/Downloads/android-apks/apks/com.simplemobiletools.contacts.pro_89.apk,Contacts,com.simplemobiletools.contacts.pro,False,21,30
/home/pedro/Downloads/android-apks/apks/com.kunzisoft.keepass.libre_91.apk,KeePassDX,com.kunzisoft.keepass.libre,True,15,30
/home/pedro/Downloads/android-apks/apks/mobi.boilr.boilr_9.apk,Boilr,mobi.boilr.boilr,False,15,24
/home/pedro/Downloads/android-apks/apks/com.hos_dvk.easyphone.full_11.apk,Easy-Phone,com.hos_dvk.easyphone.full,False,19,30
/home/pedro/Downloads/android-apks/apks/de.seemoo.at_tracking_detection_19.apk,AirGuard,de.seemoo.at_tracking_detection,True,21,31
/home/pedro/Downloads/android-apks/apks/com.tnibler.cryptocam_16.apk,Cryptocam,com.tnibler.cryptocam,True,21,31
/home/pedro/Downloads/android-apks/apks/com.simpledecredwidget_3.apk,Simple Decred Widget,com.simpledecredwidget,False,17,25
/home/pedro/Downloads/android-apks/apks/xdsopl.robot36_45.apk,Robot36,xdsopl.robot36,False,16,29
/home/pedro/Downloads/android-apks/apks/com.github.samotari.cryptoterminal_10500.apk,CryptoTerminal,com.github.samotari.cryptoterminal,False,19,27
/home/pedro/Downloads/android-apks/apks/org.moparisthebest.pageplus_8.apk,Page Plus Balance,org.moparisthebest.pageplus,False,7,7
/home/pedro/Downloads/android-apks/apks/org.eu.exodus_privacy.exodusprivacy_10.apk,Exodus,org.eu.exodus_privacy.exodusprivacy,False,17,29
/home/pedro/Downloads/android-apks/apks/wire.apk,Wire,com.wire,True,24,30
/home/pedro/Downloads/android-apks/apks/org.freenetproject.mobile_306.apk,Freenet mobile,org.freenetproject.mobile,True,22,30
/home/pedro/Downloads/android-apks/apks/com.github.samotari.paynoway_20100.apk,PayNoWay,com.github.samotari.paynoway,False,22,29
/home/pedro/Downloads/android-apks/apks/miccah.mpvremote_1.apk,mpv remote,miccah.mpvremote,False,15,25
/home/pedro/Downloads/android-apks/apks/de.nulide.findmydevice_14.apk,FindMyDevice,de.nulide.findmydevice,True,26,30
/home/pedro/Downloads/android-apks/apks/com.brentpanther.litecoinwidget_23.apk,Simple Litecoin Widget,com.brentpanther.litecoinwidget,False,17,26
/home/pedro/Downloads/android-apks/apks/org.sufficientlysecure.keychain_57500.apk,OpenKeychain,org.sufficientlysecure.keychain,False,15,29
/home/pedro/Downloads/android-apks/apks/org.chickenhook.binderfuzzy_2.apk,BinderFuzzy,org.chickenhook.binderfuzzy,False,19,29
/home/pedro/Downloads/android-apks/apks/info.tangential.cone_28.apk,cone,info.tangential.cone,False,19,28
/home/pedro/Downloads/android-apks/apks/rocks.tbog.tblauncher_30.apk,TinyBit launcher,rocks.tbog.tblauncher,False,19,31
/home/pedro/Downloads/android-apks/apks/de.hskl.contacts_1.apk,Contact Book,de.hskl.contacts,False,23,28
/home/pedro/Downloads/android-apks/apks/com.activitymanager_414.apk,Activity Manager,com.activitymanager,False,16,31
/home/pedro/Downloads/android-apks/apks/it.greenaddress.cordova_72.apk,GreenAddress.It,it.greenaddress.cordova,False,14,19
/home/pedro/Downloads/android-apks/apks/com.pato05.uploadgram_6.apk,Uploadgram,com.pato05.uploadgram,False,19,28
/home/pedro/Downloads/android-apks/apks/com.mirfatif.permissionmanagerx_111.apk,Permission Manager X,com.mirfatif.permissionmanagerx,False,24,30
/home/pedro/Downloads/android-apks/apks/de.j4velin.wifiAutoOff_1910.apk,WiFi Automatic,de.j4velin.wifiAutoOff,False,14,28
/home/pedro/Downloads/android-apks/apks/hashengineering.groestlcoin.wallet_81401.apk,Groestlcoin Wallet,hashengineering.groestlcoin.wallet,False,21,29
/home/pedro/Downloads/android-apks/apks/godau.fynn.usagedirect_9.apk,usageDirect,godau.fynn.usagedirect,True,21,28
/home/pedro/Downloads/android-apks/apks/net.taler.wallet.fdroid_9.apk,Taler Wallet,net.taler.wallet.fdroid,True,21,30
/home/pedro/Downloads/android-apks/apks/com.buzbuz.smartautoclicker_11.apk,Smart AutoClicker,com.buzbuz.smartautoclicker,False,24,31
/home/pedro/Downloads/android-apks/apks/net.typeblog.shelter_20.apk,Shelter,net.typeblog.shelter,False,24,31
/home/pedro/Downloads/android-apks/apks/io.github.subhamtyagi.lastlauncher_18.apk,Last Launcher,io.github.subhamtyagi.lastlauncher,False,14,29
/home/pedro/Downloads/android-apks/apks/com.sovworks.edslite_237.apk,EDS Lite,com.sovworks.edslite,False,14,28
/home/pedro/Downloads/android-apks/apks/net.bitconomy.ckpoolwatcher_1.apk,CKPool Watcher,net.bitconomy.ckpoolwatcher,False,15,21
/home/pedro/Downloads/android-apks/apks/com.tananaev.passportreader_16.apk,e-Passport Reader,com.tananaev.passportreader,True,15,29
/home/pedro/Downloads/android-apks/apks/com.blogspot.e_kanivets.moneytracker_36.apk,Money Tracker,com.blogspot.e_kanivets.moneytracker,True,21,31
/home/pedro/Downloads/android-apks/apks/org.cry.otp_22.apk,mOTP,org.cry.otp,False,16,29
/home/pedro/Downloads/android-apks/apks/pro.oblivioncoding.fluffy_board_33112291.apk,Fluffyboard,pro.oblivioncoding.fluffy_board,False,19,30
/home/pedro/Downloads/android-apks/apks/com.android.keepass_203.apk,KeePassDroid,com.android.keepass,False,14,29
/home/pedro/Downloads/android-apks/apks/cloud.valetudo.companion_7.apk,Valetudo Companion,cloud.valetudo.companion,False,23,30
/home/pedro/Downloads/android-apks/apks/hans.b.skewy1_0_1.apk,Skewy,hans.b.skewy1_0,False,17,28
/home/pedro/Downloads/android-apks/apks/net.alaindonesia.silectric_1220161217.apk,Silectric,net.alaindonesia.silectric,False,15,23
/home/pedro/Downloads/android-apks/apks/eu.uwot.fabio.altcoinprices_81.apk,Altcoin Prices,eu.uwot.fabio.altcoinprices,False,14,28
/home/pedro/Downloads/android-apks/apks/com.oriondev.moneywallet_75.apk,MoneyWallet,com.oriondev.moneywallet,True,21,29
/home/pedro/Downloads/android-apks/apks/inc.flide.vi8_8.apk,8Vim,inc.flide.vi8,False,21,30
/home/pedro/Downloads/android-apks/apks/org.fdroid.nearby_2.apk,F-Droid Nearby,org.fdroid.nearby,True,23,29
/home/pedro/Downloads/android-apks/apks/com.jarsilio.android.autoautorotate_27.apk,Auto Auto-Rotate,com.jarsilio.android.autoautorotate,False,15,30
/home/pedro/Downloads/android-apks/apks/com.coboltforge.dontmind.multivnc_87.apk,MultiVNC,com.coboltforge.dontmind.multivnc,False,21,30
/home/pedro/Downloads/android-apks/apks/com.servoz.appsdisabler_122.apk,Disabler,com.servoz.appsdisabler,False,23,30
/home/pedro/Downloads/android-apks/apks/loginandroid.apk,SimpleLogin,io.simplelogin.android.fdroid,True,21,32
/home/pedro/Downloads/android-apks/apks/com.machiav3lli.backup_7000.apk,OAndBackupX,com.machiav3lli.backup,False,26,30
/home/pedro/Downloads/android-apks/apks/info.spotcomms.wlanbackend_23.apk,MergedWiFiNLP,info.spotcomms.wlanbackend,False,19,27
/home/pedro/Downloads/android-apks/apks/fr.corenting.convertisseureurofranc_18.apk,Inflation Calculator,fr.corenting.convertisseureurofranc,False,17,30
/home/pedro/Downloads/android-apks/apks/nextcloud.apk,Nextcloud,com.nextcloud.android.beta,True,23,31
/home/pedro/Downloads/android-apks/apks/com.yogeshpaliyal.keypass_1401.apk,KeyPass,com.yogeshpaliyal.keypass,True,22,31
/home/pedro/Downloads/android-apks/apks/threads.thor_100.apk,Thor,threads.thor,False,28,32
/home/pedro/Downloads/android-apks/apks/io.timelimit.android.aosp.direct_177.apk,TimeLimit,io.timelimit.android.aosp.direct,False,21,31
/home/pedro/Downloads/android-apks/apks/de.freewarepoint.whohasmystuff_39.apk,Who Has My Stuff?,de.freewarepoint.whohasmystuff,False,21,29
/home/pedro/Downloads/android-apks/apks/cityfreqs.com.pilfershushjammer_41.apk,PilferShush Jammer,cityfreqs.com.pilfershushjammer,False,21,30
/home/pedro/Downloads/android-apks/apks/org.unifiedpush.distributor.nextpush_6.apk,NextPush,org.unifiedpush.distributor.nextpush,True,24,30
/home/pedro/Downloads/android-apks/apks/com.punksta.apps.volumecontrol_32.apk,Volume Control,com.punksta.apps.volumecontrol,False,15,30
/home/pedro/Downloads/android-apks/apks/net.nitratine.priceperunit_18.apk,Price Per Unit,net.nitratine.priceperunit,False,19,30
/home/pedro/Downloads/android-apks/apks/eu.roggstar.luigithehunter.batterycalibrate_13.apk,BatteryCalibrate,eu.roggstar.luigithehunter.batterycalibrate,False,14,28
/home/pedro/Downloads/android-apks/apks/com.veken0m.bitcoinium_48.apk,Bitcoinium Prime,com.veken0m.bitcoinium,False,8,19
/home/pedro/Downloads/android-apks/apks/com.github.onetimepass_1002003.apk,OneTimePass,com.github.onetimepass,False,21,30
/home/pedro/Downloads/android-apks/apks/de.schlikk.calls_100000.apk,Schlikk Calls,de.schlikk.calls,False,14,29
/home/pedro/Downloads/android-apks/apks/com.lako.walletcount_3.apk,WalletCount,com.lako.walletcount,False,23,31
