apk,package,sdkVersion,targetSdkVersion
com.jstephan.yarc_1.apk,package: name='com.jstephan.yarc' versionCode='1' versionName='1.0' compileSdkVersion='28' compileSdkVersionCodename='9',sdkVersion:'21',targetSdkVersion:'28'
shadowsocks.apk,package: name='com.github.shadowsocks' versionCode='5030150' versionName='5.3.1-nightly' compileSdkVersion='33' compileSdkVersionCodename='13',sdkVersion:'23',targetSdkVersion:'33'
org.jitsi.meet_216000.apk,package: name='org.jitsi.meet' versionCode='216000' versionName='21.6.0' compileSdkVersion='31' compileSdkVersionCodename='12',sdkVersion:'23',targetSdkVersion:'31'
com.dosse.dozeoff_2.apk,package: name='com.dosse.dozeoff' versionCode='2' versionName='1.1' compileSdkVersion='29' compileSdkVersionCodename='10',sdkVersion:'23',targetSdkVersion:'29'
com.arduia.expense_11.apk,package: name='com.arduia.expense' versionCode='11' versionName='1.0.0-beta05' compileSdkVersion='30' compileSdkVersionCodename='11',sdkVersion:'21',targetSdkVersion:'30'
eu.faircode.netguard_2021111301.apk,package: name='eu.faircode.netguard' versionCode='2021111301' versionName='2.299' compileSdkVersion='30' compileSdkVersionCodename='11',sdkVersion:'22',targetSdkVersion:'30'
design.codeux.authpass.fdroid_159.apk,package: name='design.codeux.authpass.fdroid' versionCode='159' versionName='1.9.4' compileSdkVersion='30' compileSdkVersionCodename='11',sdkVersion:'23',targetSdkVersion:'30'
protect.rentalcalc_6.apk,package: name='protect.rentalcalc' versionCode='6' versionName='0.5.1' platformBuildVersionName='8.1.0',sdkVersion:'16',targetSdkVersion:'27'
dev.leonlatsch.photok_18.apk,package: name='dev.leonlatsch.photok' versionCode='18' versionName='1.3.4' compileSdkVersion='30' compileSdkVersionCodename='11',sdkVersion:'24',targetSdkVersion:'30'
com.genonbeta.TrebleShot_104.apk,package: name='com.genonbeta.TrebleShot' versionCode='104' versionName='2.0.3' compileSdkVersion='30' compileSdkVersionCodename='11',sdkVersion:'16',targetSdkVersion:'30'
com.github.muellerma.prepaidbalance_10.apk,package: name='com.github.muellerma.prepaidbalance' versionCode='10' versionName='1.2' compileSdkVersion='31' compileSdkVersionCodename='12',sdkVersion:'26',targetSdkVersion:'31'
de.k4ever.k4android_10.apk,package: name='de.k4ever.k4android' versionCode='10' versionName='1.3' platformBuildVersionName='7.1.1',sdkVersion:'14',targetSdkVersion:'25'
lu.fisch.canze_94.apk,package: name='lu.fisch.canze' versionCode='94' versionName='1.62' compileSdkVersion='29' compileSdkVersionCodename='10',sdkVersion:'21',targetSdkVersion:'29'
fosswarn.apk,package: name='de.nucleus.foss_warn' versionCode='20' versionName='0.4.1' compileSdkVersion='31' compileSdkVersionCodename='12',sdkVersion:'23',targetSdkVersion:'30'
name.lmj001.savetodevice_3.apk,package: name='name.lmj001.savetodevice' versionCode='3' versionName='0.2.1' compileSdkVersion='30' compileSdkVersionCodename='11',sdkVersion:'23',targetSdkVersion:'30'
net.dcnnt_22.apk,package: name='net.dcnnt' versionCode='22' versionName='0.8.0' compileSdkVersion='30' compileSdkVersionCodename='11',sdkVersion:'22',targetSdkVersion:'30'
net.sylvek.itracing2_82.apk,package: name='net.sylvek.itracing2' versionCode='82' versionName='2.5.7' compileSdkVersion='29' compileSdkVersionCodename='10',sdkVersion:'22',targetSdkVersion:'29'
com.fr3ts0n.androbd.plugin.gpsprovider_10101.apk,package: name='com.fr3ts0n.androbd.plugin.gpsprovider' versionCode='10101' versionName='V1.1.1' compileSdkVersion='30' compileSdkVersionCodename='11',sdkVersion:'15',targetSdkVersion:'25'
org.weilbach.splitbills_22.apk,package: name='org.weilbach.splitbills' versionCode='22' versionName='0.3.10' compileSdkVersion='28' compileSdkVersionCodename='9',sdkVersion:'19',targetSdkVersion:'28'
wb.receiptspro_120.apk,package: name='wb.receiptspro' versionCode='120' versionName='3.3.3' platformBuildVersionName='4.4.2-1456859',sdkVersion:'10',targetSdkVersion:'21'
com.emanuelef.remote_capture_42.apk,package: name='com.emanuelef.remote_capture' versionCode='42' versionName='1.4.5' compileSdkVersion='31' compileSdkVersionCodename='12',sdkVersion:'21',targetSdkVersion:'31'
io.homeassistant.companion.android.minimal_1818.apk,package: name='io.homeassistant.companion.android.minimal' versionCode='1818' versionName='2021.12.1-minimal' compileSdkVersion='31' compileSdkVersionCodename='12',sdkVersion:'21',targetSdkVersion:'31'
nitezh.ministock_80.apk,package: name='nitezh.ministock' versionCode='80' versionName='80' compileSdkVersion='28' compileSdkVersionCodename='9',sdkVersion:'19',targetSdkVersion:'28'
de.blocklink.pigrid_5.apk,package: name='de.blocklink.pigrid' versionCode='5' versionName='1.4' compileSdkVersion='28' compileSdkVersionCodename='9',sdkVersion:'21',targetSdkVersion:'28'
com.outdoordevs.ellaism.wallet_35.apk,package: name='com.outdoordevs.ellaism.wallet' versionCode='35' versionName='1.0.5' platformBuildVersionName='8.0.0',sdkVersion:'16',targetSdkVersion:'26'
me.yardenac.comaphone_27.apk,package: name='me.yardenac.comaphone' versionCode='27' versionName='3.4.c' compileSdkVersion='29' compileSdkVersionCodename='10',sdkVersion:'26',targetSdkVersion:'29'
org.briarproject.briar.android_10403.apk,package: name='org.briarproject.briar.android' versionCode='10403' versionName='1.4.3' compileSdkVersion='30' compileSdkVersionCodename='11',sdkVersion:'16',targetSdkVersion:'30'
conversations.apk,package: name='eu.siacs.conversations' versionCode='42038' versionName='2.10.10+free' compileSdkVersion='32' compileSdkVersionCodename='12',sdkVersion:'21',targetSdkVersion:'32'
com.termoneplus_362.apk,package: name='com.termoneplus' versionCode='362' versionName='3.6.2' compileSdkVersion='31' compileSdkVersionCodename='12',sdkVersion:'14',targetSdkVersion:'31'
org.shadowice.flocke.andotp_39.apk,package: name='org.shadowice.flocke.andotp' versionCode='39' versionName='0.9.0.1' compileSdkVersion='30' compileSdkVersionCodename='11',sdkVersion:'22',targetSdkVersion:'30'
com.aaronjwood.portauthority_63.apk,package: name='com.aaronjwood.portauthority' versionCode='63' versionName='2.4.1' compileSdkVersion='29' compileSdkVersionCodename='10',sdkVersion:'14',targetSdkVersion:'29'
com.smartpack.scriptmanager_41.apk,package: name='com.smartpack.scriptmanager' versionCode='41' versionName='v5.0' compileSdkVersion='30' compileSdkVersionCodename='11',sdkVersion:'23',targetSdkVersion:'30'
com.cosmos.candle_6.apk,package: name='com.cosmos.candle' versionCode='6' versionName='0.1.5' compileSdkVersion='31' compileSdkVersionCodename='12',sdkVersion:'23',targetSdkVersion:'31'
org.asteroidos.sync_21.apk,package: name='org.asteroidos.sync' versionCode='21' versionName='0.21' compileSdkVersion='30' compileSdkVersionCodename='11',sdkVersion:'24',targetSdkVersion:'30'
me.lucky.silence_30.apk,package: name='me.lucky.silence' versionCode='30' versionName='1.9.2' compileSdkVersion='31' compileSdkVersionCodename='12',sdkVersion:'29',targetSdkVersion:'31'
com.emmanuelmess.simpleaccounting_23.apk,package: name='com.emmanuelmess.simpleaccounting' versionCode='23' versionName='1.6.1' platformBuildVersionName='1.6.1' compileSdkVersion='28' compileSdkVersionCodename='9',sdkVersion:'14',targetSdkVersion:'28'
com.github.onetimepass_1002003.apk,package: name='com.github.onetimepass' versionCode='1002003' versionName='1.2.3' compileSdkVersion='30' compileSdkVersionCodename='11',sdkVersion:'21',targetSdkVersion:'30'
org.encointer.wallet_810.apk,package: name='org.encointer.wallet' versionCode='810' versionName='1.0.2' compileSdkVersion='29' compileSdkVersionCodename='10',sdkVersion:'16',targetSdkVersion:'29'
ivl.android.moneybalance_6.apk,package: name='ivl.android.moneybalance' versionCode='6' versionName='1.4' platformBuildVersionName='6.0-2704002',sdkVersion:'8',targetSdkVersion:'23'
de.cloneapps.crypto_prices_26.apk,package: name='de.cloneapps.crypto_prices' versionCode='26' versionName='1.3.1' compileSdkVersion='30' compileSdkVersionCodename='11',sdkVersion:'23',targetSdkVersion:'30'
tutanota.apk,package: name='de.tutao.tutanota' versionCode='396129' versionName='3.98.24' compileSdkVersion='31' compileSdkVersionCodename='12',sdkVersion:'23',targetSdkVersion:'30'
com.fmsys.snapdrop_18.apk,package: name='com.fmsys.snapdrop' versionCode='18' versionName='1.9.0' compileSdkVersion='31' compileSdkVersionCodename='12',sdkVersion:'21',targetSdkVersion:'31'
com.nishantboro.splititeasy_1.apk,package: name='com.nishantboro.splititeasy' versionCode='1' versionName='1.0' compileSdkVersion='29' compileSdkVersionCodename='10',sdkVersion:'15',targetSdkVersion:'29'
info.spotcomms.wlanbackend_23.apk,package: name='info.spotcomms.wlanbackend' versionCode='23' versionName='2.0' compileSdkVersion='30' compileSdkVersionCodename='11',sdkVersion:'19',targetSdkVersion:'27'
luke.launcher_20003.apk,package: name='luke.launcher' versionCode='20003' versionName='2.0.3' platformBuildVersionName='2.0.3' compileSdkVersion='28' compileSdkVersionCodename='9',sdkVersion:'21',targetSdkVersion:'28'
net.christianbeier.droidvnc_ng_9.apk,package: name='net.christianbeier.droidvnc_ng' versionCode='9' versionName='1.2.4' compileSdkVersion='29' compileSdkVersionCodename='10',sdkVersion:'24',targetSdkVersion:'29'
jami.apk,package: name='cx.ring' versionCode='341' versionName='20220826-01' compileSdkVersion='32' compileSdkVersionCodename='12',sdkVersion:'24',targetSdkVersion:'32'
io.github.powerinside.syncplay_23.apk,package: name='io.github.powerinside.syncplay' versionCode='23' versionName='1.7.2' compileSdkVersion='30' compileSdkVersionCodename='11',sdkVersion:'16',targetSdkVersion:'30'
newpipe.apk,package: name='org.schabi.newpipe' versionCode='989' versionName='0.23.3' compileSdkVersion='31' compileSdkVersionCodename='12',sdkVersion:'19',targetSdkVersion:'29'
com.cohenchris.weeklybudget_6.apk,package: name='com.cohenchris.weeklybudget' versionCode='6' versionName='1.6' compileSdkVersion='31' compileSdkVersionCodename='12',sdkVersion:'28',targetSdkVersion:'31'
me.hackerchick.raisetoanswer_31.apk,package: name='me.hackerchick.raisetoanswer' versionCode='31' versionName='3.6.4' compileSdkVersion='30' compileSdkVersionCodename='11',sdkVersion:'26',targetSdkVersion:'30'
com.smartpack.kernelprofiler_13.apk,package: name='com.smartpack.kernelprofiler' versionCode='13' versionName='v0.13' compileSdkVersion='30' compileSdkVersionCodename='11',sdkVersion:'23',targetSdkVersion:'30'
nextcloud.apk,package: name='com.nextcloud.android.beta' versionCode='20220827' versionName='20220827' compileSdkVersion='31' compileSdkVersionCodename='12',sdkVersion:'23',targetSdkVersion:'31'
com.aravi.dot_30009.apk,package: name='com.aravi.dot' versionCode='30009' versionName='3.0.9' compileSdkVersion='30' compileSdkVersionCodename='11',sdkVersion:'24',targetSdkVersion:'30'
miccah.mpvremote_1.apk,package: name='miccah.mpvremote' versionCode='1' versionName='0.0.3' platformBuildVersionName='7.1.1',sdkVersion:'15',targetSdkVersion:'25'
com.simplemobiletools.voicerecorder_17.apk,package: name='com.simplemobiletools.voicerecorder' versionCode='17' versionName='5.6.3' compileSdkVersion='30' compileSdkVersionCodename='11',sdkVersion:'21',targetSdkVersion:'30'
eu.uwot.fabio.altcoinprices_81.apk,package: name='eu.uwot.fabio.altcoinprices' versionCode='81' versionName='1.7.4' compileSdkVersion='28' compileSdkVersionCodename='9',sdkVersion:'14',targetSdkVersion:'28'
com.flasskamp.subz_4.apk,package: name='com.flasskamp.subz' versionCode='4' versionName='1.3' compileSdkVersion='30' compileSdkVersionCodename='11',sdkVersion:'21',targetSdkVersion:'29'
org.freenetproject.mobile_306.apk,package: name='org.freenetproject.mobile' versionCode='306' versionName='0.3.5-beta' compileSdkVersion='30' compileSdkVersionCodename='11',sdkVersion:'22',targetSdkVersion:'30'
com.machiav3lli.backup_7000.apk,package: name='com.machiav3lli.backup' versionCode='7000' versionName='7.0.0' compileSdkVersion='31' compileSdkVersionCodename='12',sdkVersion:'26',targetSdkVersion:'30'
nunti.apk,package: name='com.nunti' versionCode='11' versionName='v2.0.0' compileSdkVersion='31' compileSdkVersionCodename='12',sdkVersion:'26',targetSdkVersion:'31'
io.github.muntashirakon.setedit_6.apk,package: name='io.github.muntashirakon.setedit' versionCode='6' versionName='2.1' compileSdkVersion='30' compileSdkVersionCodename='11',sdkVersion:'14',targetSdkVersion:'22'
tech.projectmatris.antimalwareapp_10400.apk,package: name='tech.projectmatris.antimalwareapp' versionCode='10400' versionName='1.4.0' compileSdkVersion='31' compileSdkVersionCodename='12',sdkVersion:'16',targetSdkVersion:'31'
com.oF2pks.chairlock_17.apk,package: name='com.oF2pks.chairlock' versionCode='17' versionName='1.7-17' compileSdkVersion='30' compileSdkVersionCodename='11',sdkVersion:'16',targetSdkVersion:'30'
threads.server_272.apk,package: name='threads.server' versionCode='272' versionName='2.7.2' compileSdkVersion='32' compileSdkVersionCodename='12',sdkVersion:'28',targetSdkVersion:'32'
com.toxtox.philosopherstonewidget_3.apk,package: name='com.toxtox.philosopherstonewidget' versionCode='3' versionName='1.2',sdkVersion:'17',targetSdkVersion:'26'
com.tananaev.passportreader_16.apk,package: name='com.tananaev.passportreader' versionCode='16' versionName='2.1' compileSdkVersion='29' compileSdkVersionCodename='10',sdkVersion:'15',targetSdkVersion:'29'
de.php_tech.piggybudget_25.apk,package: name='de.php_tech.piggybudget' versionCode='25' versionName='2.5' compileSdkVersion='28' compileSdkVersionCodename='9',sdkVersion:'16',targetSdkVersion:'27'
com.szchoiceway.aios.bridge_8.apk,package: name='com.szchoiceway.aios.bridge' versionCode='8' versionName='1.0.6' compileSdkVersion='28' compileSdkVersionCodename='9',sdkVersion:'28',targetSdkVersion:'28'
de.j4velin.wifiAutoOff_1910.apk,package: name='de.j4velin.wifiAutoOff' versionCode='1910' versionName='1.9.1' compileSdkVersion='29' compileSdkVersionCodename='10',sdkVersion:'14',targetSdkVersion:'28'
protect.card_locker_39.apk,package: name='protect.card_locker' versionCode='39' versionName='0.28' compileSdkVersion='29' compileSdkVersionCodename='10',sdkVersion:'16',targetSdkVersion:'29'
com.simpledecredwidget_3.apk,package: name='com.simpledecredwidget' versionCode='3' versionName='3.0',sdkVersion:'17',targetSdkVersion:'25'
com.notriddle.budget_44.apk,package: name='com.notriddle.budget' versionCode='44' versionName='4.4' platformBuildVersionName='4.4.2-1456859',sdkVersion:'15',targetSdkVersion:'19'
v2ex.apk,package: name='im.fdx.v2ex' versionCode='49' versionName='2.7.5' compileSdkVersion='31' compileSdkVersionCodename='12',sdkVersion:'22',targetSdkVersion:'31'
com.mattallen.loaned_3.apk,package: name='com.mattallen.loaned' versionCode='3' versionName='1.0.2' platformBuildVersionName='4.4.2-1456859',sdkVersion:'14',targetSdkVersion:'19'
com.svenjacobs.app.leon_229.apk,package: name='com.svenjacobs.app.leon' versionCode='229' versionName='0.7.0' compileSdkVersion='31' compileSdkVersionCodename='12',sdkVersion:'21',targetSdkVersion:'31'
com.minimalisticapps.priceconverter_6.apk,package: name='com.minimalisticapps.priceconverter' versionCode='6' versionName='1.0.5' compileSdkVersion='30' compileSdkVersionCodename='11',sdkVersion:'23',targetSdkVersion:'30'
loginandroid.apk,package: name='io.simplelogin.android.fdroid' versionCode='11900' versionName='1.19.0' compileSdkVersion='32' compileSdkVersionCodename='12',sdkVersion:'21',targetSdkVersion:'32'
us.spotco.extirpater_22.apk,package: name='us.spotco.extirpater' versionCode='22' versionName='1.4' compileSdkVersion='30' compileSdkVersionCodename='11',sdkVersion:'14',targetSdkVersion:'30'
com.wireguard.android_491.apk,package: name='com.wireguard.android' versionCode='491' versionName='1.0.20211029' compileSdkVersion='31' compileSdkVersionCodename='12',sdkVersion:'21',targetSdkVersion:'30'
hans.b.skewy1_0_1.apk,package: name='hans.b.skewy1_0' versionCode='1' versionName='1.0' compileSdkVersion='28' compileSdkVersionCodename='9',sdkVersion:'17',targetSdkVersion:'28'
com.lesspass.android_90503.apk,package: name='com.lesspass.android' versionCode='90503' versionName='9.5.3' compileSdkVersion='30' compileSdkVersionCodename='11',sdkVersion:'21',targetSdkVersion:'30'
xtra.apk,package: name='com.github.andreyasadchy.xtra' versionCode='125' versionName='2.5.4' compileSdkVersion='32' compileSdkVersionCodename='12',sdkVersion:'21',targetSdkVersion:'32'
com.pierreduchemin.smsforward_15.apk,package: name='com.pierreduchemin.smsforward' versionCode='15' versionName='1.6.1' compileSdkVersion='30' compileSdkVersionCodename='11',sdkVersion:'21',targetSdkVersion:'30'
dk.kjeldsen.carwingsflutter_193.apk,package: name='dk.kjeldsen.carwingsflutter' versionCode='193' versionName='2.0.19' compileSdkVersion='30' compileSdkVersionCodename='11',sdkVersion:'16',targetSdkVersion:'30'
io.github.sds100.keymapper_50.apk,package: name='io.github.sds100.keymapper' versionCode='50' versionName='2.3.1' compileSdkVersion='30' compileSdkVersionCodename='11',sdkVersion:'21',targetSdkVersion:'30'
net.ktnx.mobileledger_47.apk,package: name='net.ktnx.mobileledger' versionCode='47' versionName='0.20.3' compileSdkVersion='30' compileSdkVersionCodename='11',sdkVersion:'22',targetSdkVersion:'30'
net.taler.wallet.fdroid_9.apk,package: name='net.taler.wallet.fdroid' versionCode='9' versionName='v0.8.0' compileSdkVersion='30' compileSdkVersionCodename='11',sdkVersion:'21',targetSdkVersion:'30'
com.android.keepass_203.apk,package: name='com.android.keepass' versionCode='203' versionName='2.5.17.2' compileSdkVersion='30' compileSdkVersionCodename='11',sdkVersion:'14',targetSdkVersion:'29'
io.github.muntashirakon.unapkm_4.apk,package: name='io.github.muntashirakon.unapkm' versionCode='4' versionName='1.3' compileSdkVersion='30' compileSdkVersionCodename='11',sdkVersion:'21',targetSdkVersion:'30'
crocgui.apk,package: name='com.github.howeyc.crocgui' versionCode='24' versionName='1.10.4' platformBuildVersionName='4.0.4-1406430',sdkVersion:'15',targetSdkVersion:'30'
org.elijaxapps.androidxmrigminer_5.apk,package: name='org.elijaxapps.androidxmrigminer' versionCode='5' versionName='1.02',sdkVersion:'23',targetSdkVersion:'26'
com.simplemobiletools.contacts.pro_89.apk,package: name='com.simplemobiletools.contacts.pro' versionCode='89' versionName='6.17.0' compileSdkVersion='30' compileSdkVersionCodename='11',sdkVersion:'21',targetSdkVersion:'30'
net.xvello.salasana_3.apk,package: name='net.xvello.salasana' versionCode='3' versionName='1.2' compileSdkVersion='32' compileSdkVersionCodename='12',sdkVersion:'21',targetSdkVersion:'32'
me.hackerchick.catima_92.apk,package: name='me.hackerchick.catima' versionCode='92' versionName='2.10.0' compileSdkVersion='31' compileSdkVersionCodename='12',sdkVersion:'21',targetSdkVersion:'31'
cheogram.apk,package: name='com.cheogram.android' versionCode='42030' versionName='2.10.9-1+free' compileSdkVersion='32' compileSdkVersionCodename='12',sdkVersion:'21',targetSdkVersion:'30'
com.brentpanther.bitcoincashwidget_23.apk,package: name='com.brentpanther.bitcoincashwidget' versionCode='23' versionName='1.3.1',sdkVersion:'17',targetSdkVersion:'26'
de.varengold.activeTAN_34.apk,package: name='de.varengold.activeTAN' versionCode='34' versionName='2021-06-30' compileSdkVersion='30' compileSdkVersionCodename='11',sdkVersion:'23',targetSdkVersion:'30'
webcall.apk,package: name='timur.webcall.callee' versionCode='104' versionName='1.1.4F' compileSdkVersion='31' compileSdkVersionCodename='12',sdkVersion:'21',targetSdkVersion:'31'
anonaddy.apk,package: name='host.stjin.anonaddy' versionCode='334210100' versionName='v4.2.1' compileSdkVersion='33' compileSdkVersionCodename='13',sdkVersion:'23',targetSdkVersion:'33'
co.timsmart.vouchervault_22.apk,package: name='co.timsmart.vouchervault' versionCode='22' versionName='1.1.4' compileSdkVersion='30' compileSdkVersionCodename='11',sdkVersion:'22',targetSdkVersion:'30'
com.coinerella.peercoin_60.apk,package: name='com.coinerella.peercoin' versionCode='60' versionName='0.6.4' compileSdkVersion='29' compileSdkVersionCodename='10',sdkVersion:'20',targetSdkVersion:'30'
mattermost.apk,package: name='com.mattermost.rnbeta' versionCode='418' versionName='1.55.0' compileSdkVersion='30' compileSdkVersionCodename='11',sdkVersion:'24',targetSdkVersion:'30'
com.nitish.privacyindicator_8.apk,package: name='com.nitish.privacyindicator' versionCode='8' versionName='2.2' compileSdkVersion='30' compileSdkVersionCodename='11',sdkVersion:'24',targetSdkVersion:'30'
de.salomax.currencies_11000.apk,package: name='de.salomax.currencies' versionCode='11000' versionName='1.10.0' compileSdkVersion='31' compileSdkVersionCodename='12',sdkVersion:'26',targetSdkVersion:'31'
pro.kherel.selfprivacy_8.apk,package: name='pro.kherel.selfprivacy' versionCode='8' versionName='0.4.0' compileSdkVersion='29' compileSdkVersionCodename='10',sdkVersion:'18',targetSdkVersion:'29'
com.nextcloudpasswords_16.apk,package: name='com.nextcloudpasswords' versionCode='16' versionName='1.15' compileSdkVersion='29' compileSdkVersionCodename='10',sdkVersion:'16',targetSdkVersion:'29'
me.zhanghai.android.files_25.apk,package: name='me.zhanghai.android.files' versionCode='25' versionName='1.3.1' compileSdkVersion='31' compileSdkVersionCodename='12',sdkVersion:'21',targetSdkVersion:'29'
com.ecuamobi.deckwallet_100.apk,package: name='com.ecuamobi.deckwallet' versionCode='100' versionName='1.0' platformBuildVersionName='4.4.2-1456859',sdkVersion:'9',targetSdkVersion:'19'
de.schlikk.calls_100000.apk,package: name='de.schlikk.calls' versionCode='100000' versionName='1.0' compileSdkVersion='29' compileSdkVersionCodename='10',sdkVersion:'14',targetSdkVersion:'29'
net.eneiluj.moneybuster_35.apk,package: name='net.eneiluj.moneybuster' versionCode='35' versionName='0.1.15' compileSdkVersion='31' compileSdkVersionCodename='12',sdkVersion:'23',targetSdkVersion:'31'
com.aidinhut.simpletextcrypt_12.apk,package: name='com.aidinhut.simpletextcrypt' versionCode='12' versionName='4.4' compileSdkVersion='30' compileSdkVersionCodename='11',sdkVersion:'15',targetSdkVersion:'30'
com.pvpc.precio_luz_24.apk,package: name='com.pvpc.precio_luz' versionCode='24' versionName='2.4.1' compileSdkVersion='28' compileSdkVersionCodename='9',sdkVersion:'16',targetSdkVersion:'28'
de.schildbach.wallet_817.apk,package: name='de.schildbach.wallet' versionCode='817' versionName='8.17' compileSdkVersion='29' compileSdkVersionCodename='10',sdkVersion:'23',targetSdkVersion:'29'
protect.gift_card_guard_6.apk,package: name='protect.gift_card_guard' versionCode='6' versionName='0.4.1' platformBuildVersionName='6.0-2704002',sdkVersion:'13',targetSdkVersion:'23'
com.tailscale.ipn_82.apk,package: name='com.tailscale.ipn' versionCode='82' versionName='1.18.2-tb04815c9c-g08e1f97a38e' compileSdkVersion='30' compileSdkVersionCodename='11',sdkVersion:'22',targetSdkVersion:'30'
org.billthefarmer.specie_1.apk,package: name='org.billthefarmer.specie' versionCode='1' versionName='1.0' compileSdkVersion='28' compileSdkVersionCodename='9',sdkVersion:'14',targetSdkVersion:'28'
us.spotco.malwarescanner_76.apk,package: name='us.spotco.malwarescanner' versionCode='76' versionName='2.22' compileSdkVersion='30' compileSdkVersionCodename='11',sdkVersion:'16',targetSdkVersion:'29'
mensaeth.apk,package: name='ch.famoser.mensa' versionCode='19' versionName='1.7.0' compileSdkVersion='33' compileSdkVersionCodename='13',sdkVersion:'21',targetSdkVersion:'33'
com.klee.volumelockr_5.apk,package: name='com.klee.volumelockr' versionCode='5' versionName='1.3.1' compileSdkVersion='30' compileSdkVersionCodename='11',sdkVersion:'16',targetSdkVersion:'30'
de.eidottermihi.raspicheck_57.apk,package: name='de.eidottermihi.raspicheck' versionCode='57' versionName='1.8.14' compileSdkVersion='28' compileSdkVersionCodename='9',sdkVersion:'21',targetSdkVersion:'28'
io.timelimit.android.aosp.direct_177.apk,package: name='io.timelimit.android.aosp.direct' versionCode='177' versionName='5.4.1' compileSdkVersion='31' compileSdkVersionCodename='12',sdkVersion:'21',targetSdkVersion:'31'
fritter.apk,package: name='com.jonjomckay.fritter' versionCode='202208202' versionName='3.0.0-beta1' compileSdkVersion='31' compileSdkVersionCodename='12',sdkVersion:'16',targetSdkVersion:'31'
com.greenaddress.abcore_77.apk,package: name='com.greenaddress.abcore' versionCode='77' versionName='0.77' compileSdkVersion='29' compileSdkVersionCodename='10',sdkVersion:'21',targetSdkVersion:'28'
com.crazylegend.vigilante_17.apk,package: name='com.crazylegend.vigilante' versionCode='17' versionName='1.2.4' compileSdkVersion='31' compileSdkVersionCodename='12',sdkVersion:'24',targetSdkVersion:'30'
io.treehouses.remote_6098.apk,package: name='io.treehouses.remote' versionCode='6098' versionName='6098' compileSdkVersion='29' compileSdkVersionCodename='10',sdkVersion:'15',targetSdkVersion:'29'
com.vecturagames.android.app.passwordmaster_6.apk,package: name='com.vecturagames.android.app.passwordmaster' versionCode='6' versionName='1.1.0' compileSdkVersion='30' compileSdkVersionCodename='11',sdkVersion:'14',targetSdkVersion:'30'
fairemail.apk,package: name='eu.faircode.email' versionCode='1957' versionName='1.1957' compileSdkVersion='33' compileSdkVersionCodename='13',sdkVersion:'21',targetSdkVersion:'33'
de.freewarepoint.whohasmystuff_39.apk,package: name='de.freewarepoint.whohasmystuff' versionCode='39' versionName='1.0.38' compileSdkVersion='29' compileSdkVersionCodename='10',sdkVersion:'21',targetSdkVersion:'29'
com.simplemobiletools.dialer_32.apk,package: name='com.simplemobiletools.dialer' versionCode='32' versionName='5.11.3' compileSdkVersion='30' compileSdkVersionCodename='11',sdkVersion:'23',targetSdkVersion:'30'
com.yogeshpaliyal.keypass_1401.apk,package: name='com.yogeshpaliyal.keypass' versionCode='1401' versionName='1.4.1' compileSdkVersion='31' compileSdkVersionCodename='12',sdkVersion:'22',targetSdkVersion:'31'
ee.smkv.calc.loan_52.apk,package: name='ee.smkv.calc.loan' versionCode='52' versionName='4.0.2',sdkVersion:'5',application-label:'Simple Loan Calculator'
bluepie.ad_silence_11.apk,package: name='bluepie.ad_silence' versionCode='11' versionName='0.4.0' compileSdkVersion='31' compileSdkVersionCodename='12',sdkVersion:'21',targetSdkVersion:'31'
org.sufficientlysecure.keychain_57500.apk,package: name='org.sufficientlysecure.keychain' versionCode='57500' versionName='5.7.5' compileSdkVersion='29' compileSdkVersionCodename='10',sdkVersion:'15',targetSdkVersion:'29'
mobi.boilr.boilr_9.apk,package: name='mobi.boilr.boilr' versionCode='9' versionName='0.7.0',sdkVersion:'15',targetSdkVersion:'24'
de.lukaspieper.gcam.services_6.apk,package: name='de.lukaspieper.gcam.services' versionCode='6' versionName='1.5' compileSdkVersion='31' compileSdkVersionCodename='12',sdkVersion:'19',targetSdkVersion:'31'
eu.roggstar.luigithehunter.batterycalibrate_13.apk,package: name='eu.roggstar.luigithehunter.batterycalibrate' versionCode='13' versionName='Andro10' compileSdkVersion='28' compileSdkVersionCodename='9',sdkVersion:'14',targetSdkVersion:'28'
com.github.olga_yakovleva.rhvoice.android_10600.apk,package: name='com.github.olga_yakovleva.rhvoice.android' versionCode='10600' versionName='1.6.0' compileSdkVersion='31' compileSdkVersionCodename='12',sdkVersion:'16',targetSdkVersion:'30'
hashengineering.groestlcoin.wallet_test_81401.apk,package: name='hashengineering.groestlcoin.wallet_test' versionCode='81401' versionName='8.14.1' compileSdkVersion='29' compileSdkVersionCodename='10',sdkVersion:'21',targetSdkVersion:'29'
ru.henridellal.dialer_14.apk,package: name='ru.henridellal.dialer' versionCode='14' versionName='1.0.13' compileSdkVersion='30' compileSdkVersionCodename='11',sdkVersion:'21',targetSdkVersion:'30'
com.pato05.uploadgram_6.apk,package: name='com.pato05.uploadgram' versionCode='6' versionName='1.0.0-beta.6' compileSdkVersion='28' compileSdkVersionCodename='9',sdkVersion:'19',targetSdkVersion:'28'
com.smartpack.kernelmanager_171.apk,package: name='com.smartpack.kernelmanager' versionCode='171' versionName='v17.1' compileSdkVersion='31' compileSdkVersionCodename='12',sdkVersion:'21',targetSdkVersion:'31'
org.alberto97.ouilookup_3.apk,package: name='org.alberto97.ouilookup' versionCode='3' versionName='1.0.2' compileSdkVersion='31' compileSdkVersionCodename='12',sdkVersion:'21',targetSdkVersion:'31'
com.activitymanager_414.apk,package: name='com.activitymanager' versionCode='414' versionName='4.1.4' compileSdkVersion='31' compileSdkVersionCodename='12',sdkVersion:'16',targetSdkVersion:'31'
io.github.subhamtyagi.lastlauncher_18.apk,package: name='io.github.subhamtyagi.lastlauncher' versionCode='18' versionName='0.18' compileSdkVersion='29' compileSdkVersionCodename='10',sdkVersion:'14',targetSdkVersion:'29'
org.irmacard.cardemu_136.apk,package: name='org.irmacard.cardemu' versionCode='136' versionName='6.2.3' compileSdkVersion='30' compileSdkVersionCodename='11',sdkVersion:'21',targetSdkVersion:'30'
de.koelle.christian.trickytripper_25.apk,package: name='de.koelle.christian.trickytripper' versionCode='25' versionName='1.6.2' compileSdkVersion='29' compileSdkVersionCodename='10',sdkVersion:'14',targetSdkVersion:'29'
mattecarra.accapp_39.apk,package: name='mattecarra.accapp' versionCode='39' versionName='1.0.35' compileSdkVersion='30' compileSdkVersionCodename='11',sdkVersion:'16',targetSdkVersion:'30'
de.bitsharesmunich.wallet_100038.apk,package: name='de.bitsharesmunich.wallet' versionCode='100038' versionName='1.0.3' platformBuildVersionName='6.0-2166767',sdkVersion:'14',targetSdkVersion:'23'
om.sstvencoder_26.apk,package: name='om.sstvencoder' versionCode='26' versionName='2.5' compileSdkVersion='29' compileSdkVersionCodename='10',sdkVersion:'15',targetSdkVersion:'29'
com.example.TTime_3.apk,package: name='com.example.TTime' versionCode='3' versionName='1.2' compileSdkVersion='30' compileSdkVersionCodename='11',sdkVersion:'16',targetSdkVersion:'30'
com.securefilemanager.app_12.apk,package: name='com.securefilemanager.app' versionCode='12' versionName='0.1.9-beta' compileSdkVersion='29' compileSdkVersionCodename='10',sdkVersion:'26',targetSdkVersion:'29'
net.bitconomy.ckpoolwatcher_1.apk,package: name='net.bitconomy.ckpoolwatcher' versionCode='1' versionName='0.1.0' platformBuildVersionName='5.0.1-1624448',sdkVersion:'15',targetSdkVersion:'21'
rocks.tbog.tblauncher_30.apk,package: name='rocks.tbog.tblauncher' versionCode='30' versionName='6.8' compileSdkVersion='31' compileSdkVersionCodename='12',sdkVersion:'19',targetSdkVersion:'31'
de.schildbach.wallet_test_817.apk,package: name='de.schildbach.wallet_test' versionCode='817' versionName='8.17' compileSdkVersion='29' compileSdkVersionCodename='10',sdkVersion:'23',targetSdkVersion:'29'
com.dx.anonymousmessenger_46.apk,package: name='com.dx.anonymousmessenger' versionCode='46' versionName='0.8.8' compileSdkVersion='30' compileSdkVersionCodename='11',sdkVersion:'21',targetSdkVersion:'30'
aq.metallists.loudbang_45.apk,package: name='aq.metallists.loudbang' versionCode='45' versionName='0.45' compileSdkVersion='30' compileSdkVersionCodename='11',sdkVersion:'14',targetSdkVersion:'30'
de.langerhans.wallet_400.apk,package: name='de.langerhans.wallet' versionCode='400' versionName='4.0.0' compileSdkVersion='29' compileSdkVersionCodename='10',sdkVersion:'23',targetSdkVersion:'29'
com.veken0m.bitcoinium_48.apk,package: name='com.veken0m.bitcoinium' versionCode='48' versionName='1.8.3',sdkVersion:'8',targetSdkVersion:'19'
zulip.apk,package: name='com.zulipmobile' versionCode='189' versionName='27.189' compileSdkVersion='31' compileSdkVersionCodename='12',sdkVersion:'24',targetSdkVersion:'31'
com.hearham.repeaterstart_7.apk,package: name='com.hearham.repeaterstart' versionCode='7' versionName='0.7' compileSdkVersion='31' compileSdkVersionCodename='12',sdkVersion:'19',targetSdkVersion:'30'
com.brentpanther.ethereumwidget_33.apk,package: name='com.brentpanther.ethereumwidget' versionCode='33' versionName='1.4.1',sdkVersion:'17',targetSdkVersion:'26'
us.spotco.motionlock_14.apk,package: name='us.spotco.motionlock' versionCode='14' versionName='1.1' compileSdkVersion='30' compileSdkVersionCodename='11',sdkVersion:'14',targetSdkVersion:'30'
org.billthefarmer.currency_139.apk,package: name='org.billthefarmer.currency' versionCode='139' versionName='1.39' compileSdkVersion='28' compileSdkVersionCodename='9',sdkVersion:'14',targetSdkVersion:'28'
mull.apk,package: name='us.spotco.fennec_dos' versionCode='21041020' versionName='104.1.0' compileSdkVersion='32' compileSdkVersionCodename='12',sdkVersion:'21',targetSdkVersion:'32'
io.horizontalsystems.bankwallet_52.apk,package: name='io.horizontalsystems.bankwallet' versionCode='52' versionName='0.22.1' compileSdkVersion='30' compileSdkVersionCodename='11',sdkVersion:'26',targetSdkVersion:'30'
com.invoiceninja.app_66.apk,package: name='com.invoiceninja.app' versionCode='66' versionName='5.0.66' compileSdkVersion='30' compileSdkVersionCodename='11',sdkVersion:'19',targetSdkVersion:'30'
com.vrem.wifianalyzer_58.apk,package: name='com.vrem.wifianalyzer' versionCode='58' versionName='3.0.6' compileSdkVersion='30' compileSdkVersionCodename='11',sdkVersion:'19',targetSdkVersion:'30'
io.github.domi04151309.batterytool_101.apk,package: name='io.github.domi04151309.batterytool' versionCode='101' versionName='1.0.1' compileSdkVersion='30' compileSdkVersionCodename='11',sdkVersion:'23',targetSdkVersion:'30'
ademar.bitac_5.apk,package: name='ademar.bitac' versionCode='5' versionName='1.1.1' compileSdkVersion='29' compileSdkVersionCodename='10',sdkVersion:'24',targetSdkVersion:'29'
net.mullvad.mullvadvpn_21010099.apk,package: name='net.mullvad.mullvadvpn' versionCode='21010099' versionName='2021.1' compileSdkVersion='30' compileSdkVersionCodename='11',sdkVersion:'24',targetSdkVersion:'30'
org.secuso.privacyfriendlyfinancemanager_4.apk,package: name='org.secuso.privacyfriendlyfinancemanager' versionCode='4' versionName='2.0.2',sdkVersion:'21',targetSdkVersion:'27'
net.ibbaa.keepitup_2.apk,package: name='net.ibbaa.keepitup' versionCode='2' versionName='1.0.1' compileSdkVersion='30' compileSdkVersionCodename='11',sdkVersion:'21',targetSdkVersion:'30'
com.pvcodes.debtcalc_3.apk,package: name='com.pvcodes.debtcalc' versionCode='3' versionName='1.0.2' compileSdkVersion='31' compileSdkVersionCodename='12',sdkVersion:'21',targetSdkVersion:'31'
org.dash.electrum.electrum_dash_401050001.apk,package: name='org.dash.electrum.electrum_dash' versionCode='401050001' versionName='4.1.5.0' compileSdkVersion='29' compileSdkVersionCodename='10',sdkVersion:'21',targetSdkVersion:'29'
net.i2p.android.router_4745261.apk,package: name='net.i2p.android.router' versionCode='4745261' versionName='0.9.50' platformBuildVersionName='0.9.50' compileSdkVersion='28' compileSdkVersionCodename='9',sdkVersion:'14',targetSdkVersion:'29'
net.yolosec.routerkeygen2_80.apk,package: name='net.yolosec.routerkeygen2' versionCode='80' versionName='4.2.0' compileSdkVersion='29' compileSdkVersionCodename='10',sdkVersion:'16',targetSdkVersion:'29'
com.etesync.notes_10700.apk,package: name='com.etesync.notes' versionCode='10700' versionName='1.7.0' compileSdkVersion='29' compileSdkVersionCodename='10',sdkVersion:'21',targetSdkVersion:'29'
ooo.akito.webmon_12.apk,package: name='ooo.akito.webmon' versionCode='12' versionName='2.7.0' compileSdkVersion='31' compileSdkVersionCodename='12',sdkVersion:'19',targetSdkVersion:'31'
io.github.muntashirakon.AppManager_397.apk,package: name='io.github.muntashirakon.AppManager' versionCode='397' versionName='2.6.5.1' compileSdkVersion='30' compileSdkVersionCodename='11',sdkVersion:'21',targetSdkVersion:'30'
com.vgorcum.minedmonero_2.apk,package: name='com.vgorcum.minedmonero' versionCode='2' versionName='1.1',sdkVersion:'19',targetSdkVersion:'26'
org.unifiedpush.distributor.noprovider2push_7.apk,package: name='org.unifiedpush.distributor.noprovider2push' versionCode='7' versionName='1.2.1' compileSdkVersion='30' compileSdkVersionCodename='11',sdkVersion:'24',targetSdkVersion:'30'
com.vecturagames.android.app.passwordgenerator_34.apk,package: name='com.vecturagames.android.app.passwordgenerator' versionCode='34' versionName='1.5.0' compileSdkVersion='30' compileSdkVersionCodename='11',sdkVersion:'14',targetSdkVersion:'30'
com.smartpack.busyboxinstaller_17.apk,package: name='com.smartpack.busyboxinstaller' versionCode='17' versionName='v2.6' compileSdkVersion='30' compileSdkVersionCodename='11',sdkVersion:'23',targetSdkVersion:'30'
org.torproject.torservices_2004.apk,package: name='org.torproject.torservices' versionCode='2004' versionName='0.2' compileSdkVersion='30' compileSdkVersionCodename='11',sdkVersion:'21',targetSdkVersion:'29'
co.garmax.materialflashlight_29.apk,package: name='co.garmax.materialflashlight' versionCode='29' versionName='2.7' compileSdkVersion='31' compileSdkVersionCodename='12',sdkVersion:'16',targetSdkVersion:'31'
com.u2fa.secur_5.apk,package: name='com.u2fa.secur' versionCode='5' versionName='1.0.1' compileSdkVersion='30' compileSdkVersionCodename='11',sdkVersion:'19',targetSdkVersion:'30'
pro.rudloff.search_to_browser_2.apk,package: name='pro.rudloff.search_to_browser' versionCode='2' versionName='0.1.1' compileSdkVersion='29' compileSdkVersionCodename='10',sdkVersion:'26',targetSdkVersion:'29'
com.nanoconverter.zlab_38.apk,package: name='com.nanoconverter.zlab' versionCode='38' versionName='0.8.98',sdkVersion:'7',uses-permission: name='android.permission.INTERNET'
org.eu.exodus_privacy.exodusprivacy_10.apk,package: name='org.eu.exodus_privacy.exodusprivacy' versionCode='10' versionName='2.1.1' compileSdkVersion='29' compileSdkVersionCodename='10',sdkVersion:'17',targetSdkVersion:'29'
com.money.manager.ex_1000.apk,package: name='com.money.manager.ex' versionCode='1000' versionName='2019.04.10.1000-beta' compileSdkVersion='28' compileSdkVersionCodename='9',sdkVersion:'19',targetSdkVersion:'28'
com.hykwok.CurrencyConverter_2.apk,package: name='com.hykwok.CurrencyConverter' versionCode='2' versionName='1.1',uses-permission: name='android.permission.INTERNET',uses-permission: name='android.permission.READ_PHONE_STATE'
de.cryptobitch.muelli.vouchercalc_3.apk,package: name='de.cryptobitch.muelli.vouchercalc' versionCode='3' versionName='0.3' platformBuildVersionName='N',sdkVersion:'15',targetSdkVersion:'24'
goguma.apk,package: name='fr.emersion.goguma' versionCode='712' versionName='0.4.1' compileSdkVersion='31' compileSdkVersionCodename='12',sdkVersion:'19',targetSdkVersion:'31'
com.nighthawkapps.wallet.android_10030800.apk,package: name='com.nighthawkapps.wallet.android' versionCode='10030800' versionName='1.0.30' compileSdkVersion='31' compileSdkVersionCodename='12',sdkVersion:'23',targetSdkVersion:'31'
org.tryton.client_6.apk,package: name='org.tryton.client' versionCode='6' versionName='0.6',application-label:'Tryton',application-label-fr:'Tryton'
de.chaosdorf.meteroid_41.apk,package: name='de.chaosdorf.meteroid' versionCode='41' versionName='2.9.0' compileSdkVersion='30' compileSdkVersionCodename='11',sdkVersion:'14',targetSdkVersion:'30'
fr.jnda.android.flashalert_10271104.apk,package: name='fr.jnda.android.flashalert' versionCode='10271104' versionName='2.2.0' compileSdkVersion='31' compileSdkVersionCodename='12',sdkVersion:'23',targetSdkVersion:'31'
infinity.apk,package: name='ml.docilealligator.infinityforreddit' versionCode='102' versionName='5.3.0' compileSdkVersion='31' compileSdkVersionCodename='12',sdkVersion:'21',targetSdkVersion:'31'
com.simplemobiletools.smsmessenger_41.apk,package: name='com.simplemobiletools.smsmessenger' versionCode='41' versionName='5.11.2' compileSdkVersion='30' compileSdkVersionCodename='11',sdkVersion:'22',targetSdkVersion:'30'
com.eletac.tronwallet_37.apk,package: name='com.eletac.tronwallet' versionCode='37' versionName='1.1.8.0',sdkVersion:'21',targetSdkVersion:'27'
dummydomain.yetanothercallblocker_5170.apk,package: name='dummydomain.yetanothercallblocker' versionCode='5170' versionName='0.5.17' compileSdkVersion='30' compileSdkVersionCodename='11',sdkVersion:'14',targetSdkVersion:'30'
trifa.apk,package: name='com.zoffcc.applications.trifa' versionCode='10166' versionName='1.0.166' compileSdkVersion='30' compileSdkVersionCodename='11',sdkVersion:'19',targetSdkVersion:'30'
de.selfnet.wifisetup_6.apk,package: name='de.selfnet.wifisetup' versionCode='6' versionName='1.3.0' platformBuildVersionName='1.3.0' compileSdkVersion='30' compileSdkVersionCodename='11',sdkVersion:'23',targetSdkVersion:'30'
com.ebaschiera.triplecamel_14.apk,package: name='com.ebaschiera.triplecamel' versionCode='14' versionName='1.0.13' compileSdkVersion='30' compileSdkVersionCodename='11',sdkVersion:'14',targetSdkVersion:'30'
com.buzbuz.smartautoclicker_11.apk,package: name='com.buzbuz.smartautoclicker' versionCode='11' versionName='1.2.3' compileSdkVersion='31' compileSdkVersionCodename='12',sdkVersion:'24',targetSdkVersion:'31'
com.serwylo.babyphone_5.apk,package: name='com.serwylo.babyphone' versionCode='5' versionName='0.4.1' compileSdkVersion='30' compileSdkVersionCodename='11',sdkVersion:'22',targetSdkVersion:'30'
io.github.yoshi1123.adbio_2.apk,package: name='io.github.yoshi1123.adbio' versionCode='2' versionName='0.2' compileSdkVersion='29' compileSdkVersionCodename='10',sdkVersion:'14',targetSdkVersion:'29'
it.danieleverducci.nextcloudmaps_5.apk,package: name='it.danieleverducci.nextcloudmaps' versionCode='5' versionName='0.3.3' compileSdkVersion='30' compileSdkVersionCodename='11',sdkVersion:'23',targetSdkVersion:'30'
seadroid.apk,package: name='com.seafile.seadroid2' versionCode='123' versionName='2.2.48' compileSdkVersion='29' compileSdkVersionCodename='10',sdkVersion:'21',targetSdkVersion:'30'
xyz.hisname.fireflyiii_104.apk,package: name='xyz.hisname.fireflyiii' versionCode='104' versionName='4.14.2' compileSdkVersion='31' compileSdkVersionCodename='12',sdkVersion:'23',targetSdkVersion:'30'
pw.thedrhax.mosmetro_77.apk,package: name='pw.thedrhax.mosmetro' versionCode='77' versionName='2.3.2' compileSdkVersion='29' compileSdkVersionCodename='10',sdkVersion:'14',targetSdkVersion:'25'
schildichat.apk,package: name='de.spiritcroc.riotx' versionCode='40100900' versionName='1.4.32.sc57' compileSdkVersion='31' compileSdkVersionCodename='12',sdkVersion:'21',targetSdkVersion:'31'
com.dosse.airpods_18.apk,package: name='com.dosse.airpods' versionCode='18' versionName='1.7' compileSdkVersion='31' compileSdkVersionCodename='12',sdkVersion:'23',targetSdkVersion:'31'
com.vincent_falzon.discreetlauncher_44 (1).apk,package: name='com.vincent_falzon.discreetlauncher' versionCode='44' versionName='v5.4.1' compileSdkVersion='30' compileSdkVersionCodename='11',sdkVersion:'21',targetSdkVersion:'30'
com.lako.walletcount_3.apk,package: name='com.lako.walletcount' versionCode='3' versionName='2.0' compileSdkVersion='31' compileSdkVersionCodename='12',sdkVersion:'23',targetSdkVersion:'31'
nodomain.freeyourgadget.gadgetbridge_208.apk,package: name='nodomain.freeyourgadget.gadgetbridge' versionCode='208' versionName='0.64.0' compileSdkVersion='29' compileSdkVersionCodename='10',sdkVersion:'19',targetSdkVersion:'29'
com.denytheflowerpot.scrunch_2.apk,package: name='com.denytheflowerpot.scrunch' versionCode='2' versionName='0.2' compileSdkVersion='31' compileSdkVersionCodename='12',sdkVersion:'28',targetSdkVersion:'31'
kuroba.apk,package: name='com.github.k1rakishou.chan.fdroid' versionCode='10321' versionName='v1.3.21' compileSdkVersion='32' compileSdkVersionCodename='12',sdkVersion:'21',targetSdkVersion:'31'
net.taler.cashier_1.apk,package: name='net.taler.cashier' versionCode='1' versionName='0.1' compileSdkVersion='29' compileSdkVersionCodename='10',sdkVersion:'24',targetSdkVersion:'29'
com.fproject.cryptolitycs_1.apk,package: name='com.fproject.cryptolitycs' versionCode='1' versionName='1.0',sdkVersion:'19',targetSdkVersion:'26'
org.unifiedpush.example_14.apk,package: name='org.unifiedpush.example' versionCode='14' versionName='1.2.5' compileSdkVersion='30' compileSdkVersionCodename='11',sdkVersion:'24',targetSdkVersion:'30'
org.ea.sqrl_54.apk,package: name='org.ea.sqrl' versionCode='54' versionName='1.7.2' compileSdkVersion='30' compileSdkVersionCodename='11',sdkVersion:'16',targetSdkVersion:'30'
jelly.apk,package: name='com.oF2pks.jquarks' versionCode='18' versionName='1.0-18' compileSdkVersion='29' compileSdkVersionCodename='10',sdkVersion:'23',targetSdkVersion:'29'
com.greenaddress.greenbits_android_wallet.testnet_205.apk,package: name='com.greenaddress.greenbits_android_wallet.testnet' versionCode='205' versionName='2.05_testnet',sdkVersion:'19',targetSdkVersion:'27'
net.taler.merchantpos_2.apk,package: name='net.taler.merchantpos' versionCode='2' versionName='0.1' compileSdkVersion='29' compileSdkVersionCodename='10',sdkVersion:'24',targetSdkVersion:'29'
me.billdietrich.fake_contacts_4.apk,package: name='me.billdietrich.fake_contacts' versionCode='4' versionName='1.8' compileSdkVersion='30' compileSdkVersionCodename='11',sdkVersion:'16',targetSdkVersion:'30'
kasun.sinhala.keyboard_6.apk,package: name='kasun.sinhala.keyboard' versionCode='6' versionName='1.0.5' compileSdkVersion='31' compileSdkVersionCodename='12',sdkVersion:'21',targetSdkVersion:'31'
com.jens.automation2_115.apk,package: name='com.jens.automation2' versionCode='115' versionName='1.7.1' compileSdkVersion='29' compileSdkVersionCodename='10',sdkVersion:'16',targetSdkVersion:'28'
betterschedule.apk,package: name='cz.vitskalicky.lepsirozvrh' versionCode='31' versionName='1.8.5rc2' compileSdkVersion='32' compileSdkVersionCodename='12',sdkVersion:'21',targetSdkVersion:'32'
com.apk.editor_20.apk,package: name='com.apk.editor' versionCode='20' versionName='v0.20' compileSdkVersion='31' compileSdkVersionCodename='12',sdkVersion:'23',targetSdkVersion:'31'
me.hackerchick.sharetoinputstick_19.apk,package: name='me.hackerchick.sharetoinputstick' versionCode='19' versionName='3.5.2' compileSdkVersion='29' compileSdkVersionCodename='10',sdkVersion:'18',targetSdkVersion:'29'
com.tnibler.cryptocam_16.apk,package: name='com.tnibler.cryptocam' versionCode='16' versionName='2.3.0' compileSdkVersion='31' compileSdkVersionCodename='12',sdkVersion:'21',targetSdkVersion:'31'
gugal.apk,package: name='com.porg.gugal' versionCode='9' versionName='0.5' compileSdkVersion='31' compileSdkVersionCodename='12',sdkVersion:'27',targetSdkVersion:'31'
wire.apk,package: name='com.wire' versionCode='4254666' versionName='3.82.38' platformBuildVersionName='3.82.38' compileSdkVersion='30' compileSdkVersionCodename='11',sdkVersion:'24',targetSdkVersion:'30'
com.nextcloud_cookbook_flutter_19.apk,package: name='com.nextcloud_cookbook_flutter' versionCode='19' versionName='0.7.0' compileSdkVersion='28' compileSdkVersionCodename='9',sdkVersion:'18',targetSdkVersion:'29'
org.totschnig.myexpenses_500.apk,package: name='org.totschnig.myexpenses' versionCode='500' versionName='3.3.4.2' compileSdkVersion='30' compileSdkVersionCodename='11',sdkVersion:'16',targetSdkVersion:'30'
com.brentpanther.bitcoinwidget_287.apk,package: name='com.brentpanther.bitcoinwidget' versionCode='287' versionName='8.1.7' compileSdkVersion='31' compileSdkVersionCodename='12',sdkVersion:'23',targetSdkVersion:'31'
xdsopl.robot36_45.apk,package: name='xdsopl.robot36' versionCode='45' versionName='1.44' compileSdkVersion='29' compileSdkVersionCodename='10',sdkVersion:'16',targetSdkVersion:'29'
cityfreqs.com.pilfershushjammer_41.apk,package: name='cityfreqs.com.pilfershushjammer' versionCode='41' versionName='4.6.0' compileSdkVersion='30' compileSdkVersionCodename='11',sdkVersion:'21',targetSdkVersion:'30'
net.ivpn.client_100.apk,package: name='net.ivpn.client' versionCode='100' versionName='2.6.0' compileSdkVersion='30' compileSdkVersionCodename='11',sdkVersion:'21',targetSdkVersion:'30'
net.typeblog.shelter_20.apk,package: name='net.typeblog.shelter' versionCode='20' versionName='1.7' compileSdkVersion='31' compileSdkVersionCodename='12',sdkVersion:'24',targetSdkVersion:'31'
com.github.tmo1.sms_ie_5.apk,package: name='com.github.tmo1.sms_ie' versionCode='5' versionName='1.3' compileSdkVersion='31' compileSdkVersionCodename='12',sdkVersion:'23',targetSdkVersion:'31'
de.nulide.findmydevice_14.apk,package: name='de.nulide.findmydevice' versionCode='14' versionName='0.2.3' compileSdkVersion='30' compileSdkVersionCodename='11',sdkVersion:'26',targetSdkVersion:'30'
at.zweng.bankomatinfos2_16.apk,package: name='at.zweng.bankomatinfos2' versionCode='16' versionName='2.0.3' platformBuildVersionName='4.4.2-1456859',sdkVersion:'15',targetSdkVersion:'19'
ru.valle.btc_260.apk,package: name='ru.valle.btc' versionCode='260' versionName='2.6.0' platformBuildVersionName='7.1.1',sdkVersion:'4',targetSdkVersion:'25'
com.brentpanther.litecoinwidget_23.apk,package: name='com.brentpanther.litecoinwidget' versionCode='23' versionName='1.3.1',sdkVersion:'17',targetSdkVersion:'26'
org.lumicall.android_192.apk,package: name='org.lumicall.android' versionCode='192' versionName='1.13.3' platformBuildVersionName='5.0.1-1624448',sdkVersion:'8',targetSdkVersion:'8'
org.ebur.debitum_14.apk,package: name='org.ebur.debitum' versionCode='14' versionName='1.5.1' compileSdkVersion='30' compileSdkVersionCodename='11',sdkVersion:'24',targetSdkVersion:'30'
org.jdfossapps.android.shopwithmom_5.apk,package: name='org.jdfossapps.android.shopwithmom' versionCode='5' versionName='0.0.5' compileSdkVersion='30' compileSdkVersionCodename='11',sdkVersion:'14',targetSdkVersion:'30'
net.alaindonesia.silectric_1220161217.apk,package: name='net.alaindonesia.silectric' versionCode='1220161217' versionName='1.2.01' platformBuildVersionName='6.0-2704002',sdkVersion:'15',targetSdkVersion:'23'
com.polar.nextcloudservices_11.apk,package: name='com.polar.nextcloudservices' versionCode='11' versionName='1.0-beta11' compileSdkVersion='29' compileSdkVersionCodename='10',sdkVersion:'25',targetSdkVersion:'29'
privacyweather.apk,package: name='org.secuso.privacyfriendlyweather' versionCode='17' versionName='3.1.1' compileSdkVersion='32' compileSdkVersionCodename='12',sdkVersion:'17',targetSdkVersion:'32'
moe.dic1911.autodnd_3.apk,package: name='moe.dic1911.autodnd' versionCode='3' versionName='2.0' compileSdkVersion='30' compileSdkVersionCodename='11',sdkVersion:'26',targetSdkVersion:'30'
at.bitfire.nophonespam_15.apk,package: name='at.bitfire.nophonespam' versionCode='15' versionName='0.3.3' compileSdkVersion='28' compileSdkVersionCodename='9',sdkVersion:'14',targetSdkVersion:'28'
com.servoz.appsdisabler_122.apk,package: name='com.servoz.appsdisabler' versionCode='122' versionName='1.22' compileSdkVersion='30' compileSdkVersionCodename='11',sdkVersion:'23',targetSdkVersion:'30'
com.btcontract.wallet_86.apk,package: name='com.btcontract.wallet' versionCode='86' versionName='2.4.18' compileSdkVersion='30' compileSdkVersionCodename='11',sdkVersion:'21',targetSdkVersion:'30'
ch.protonvpn.android_102119009.apk,package: name='ch.protonvpn.android' versionCode='102119009' versionName='2.11.90.9' compileSdkVersion='30' compileSdkVersionCodename='11',sdkVersion:'23',targetSdkVersion:'30'
com.hwloc.lstopo_265.apk,package: name='com.hwloc.lstopo' versionCode='265' versionName='2.7.0-1-1.5.1' compileSdkVersion='29' compileSdkVersionCodename='10',sdkVersion:'21',targetSdkVersion:'30'
de.tu_chemnitz.wlan_17.apk,package: name='de.tu_chemnitz.wlan' versionCode='17' versionName='2.0.1' compileSdkVersion='29' compileSdkVersionCodename='10',sdkVersion:'18',targetSdkVersion:'29'
dev.marchello.sharik_13.apk,package: name='dev.marchello.sharik' versionCode='13' versionName='3.1.0' compileSdkVersion='31' compileSdkVersionCodename='12',sdkVersion:'16',targetSdkVersion:'31'
ooniprobe.apk,package: name='org.openobservatory.ooniprobe' versionCode='91' versionName='3.7.0' compileSdkVersion='32' compileSdkVersionCodename='12',sdkVersion:'21',targetSdkVersion:'32'
im.status.ethereum_2021102112.apk,package: name='im.status.ethereum' versionCode='2021102112' versionName='1.17.0' compileSdkVersion='30' compileSdkVersionCodename='11',sdkVersion:'23',targetSdkVersion:'30'
com.fr3ts0n.ecu.gui.androbd_20502.apk,package: name='com.fr3ts0n.ecu.gui.androbd' versionCode='20502' versionName='V2.5.2' compileSdkVersion='30' compileSdkVersionCodename='11',sdkVersion:'17',targetSdkVersion:'25'
godau.fynn.usagedirect.system_9.apk,package: name='godau.fynn.usagedirect.system' versionCode='9' versionName='0.8' compileSdkVersion='29' compileSdkVersionCodename='10',sdkVersion:'21',targetSdkVersion:'28'
com.oasisfeng.island.fdroid_51601.apk,package: name='com.oasisfeng.island.fdroid' versionCode='51601' versionName='5.5.1-c37b25e9' compileSdkVersion='31' compileSdkVersionCodename='12',sdkVersion:'27',targetSdkVersion:'29'
com.smartpack.packagemanager_59.apk,package: name='com.smartpack.packagemanager' versionCode='59' versionName='v5.9' compileSdkVersion='31' compileSdkVersionCodename='12',sdkVersion:'23',targetSdkVersion:'31'
cloud.valetudo.companion_7.apk,package: name='cloud.valetudo.companion' versionCode='7' versionName='2022.01.0' compileSdkVersion='30' compileSdkVersionCodename='11',sdkVersion:'23',targetSdkVersion:'30'
app.zeusln.zeus_25.apk,package: name='app.zeusln.zeus' versionCode='25' versionName='0.5.2' compileSdkVersion='28' compileSdkVersionCodename='9',sdkVersion:'26',targetSdkVersion:'29'
com.xvzan.simplemoneytracker_20200725.apk,package: name='com.xvzan.simplemoneytracker' versionCode='20200725' versionName='0.8.9' compileSdkVersion='30' compileSdkVersionCodename='11',sdkVersion:'24',targetSdkVersion:'30'
com.etesync.syncadapter_20204.apk,package: name='com.etesync.syncadapter' versionCode='20204' versionName='2.2.4' compileSdkVersion='30' compileSdkVersionCodename='11',sdkVersion:'21',targetSdkVersion:'29'
io.bluewallet.bluewallet_60205.apk,package: name='io.bluewallet.bluewallet' versionCode='60205' versionName='6.2.5' compileSdkVersion='29' compileSdkVersionCodename='10',sdkVersion:'28',targetSdkVersion:'30'
com.soumikshah.investmenttracker_3.apk,package: name='com.soumikshah.investmenttracker' versionCode='3' versionName='1.2.0' compileSdkVersion='30' compileSdkVersionCodename='11',sdkVersion:'23',targetSdkVersion:'30'
it.greenaddress.cordova_72.apk,package: name='it.greenaddress.cordova' versionCode='72' versionName='0.0.72' platformBuildVersionName='5.0.1-1624448',uses-permission: name='android.permission.INTERNET',application-label:'GreenAddress.It'
rocketchat.apk,package: name='chat.rocket.android' versionCode='34199' versionName='4.30.0' compileSdkVersion='31' compileSdkVersionCodename='12',sdkVersion:'23',targetSdkVersion:'30'
com.oriondev.moneywallet_75.apk,package: name='com.oriondev.moneywallet' versionCode='75' versionName='4.0.5.10' compileSdkVersion='29' compileSdkVersionCodename='10',sdkVersion:'21',targetSdkVersion:'29'
de.ccc.events.badge.card10_9.apk,package: name='de.ccc.events.badge.card10' versionCode='9' versionName='0.9' compileSdkVersion='29' compileSdkVersionCodename='10',sdkVersion:'21',targetSdkVersion:'29'
com.mirfatif.permissionmanagerx_111.apk,package: name='com.mirfatif.permissionmanagerx' versionCode='111' versionName='v1.11' compileSdkVersion='30' compileSdkVersionCodename='11',sdkVersion:'24',targetSdkVersion:'30'
org.unifiedpush.distributor.nextpush_6.apk,package: name='org.unifiedpush.distributor.nextpush' versionCode='6' versionName='1.0.1' compileSdkVersion='30' compileSdkVersionCodename='11',sdkVersion:'24',targetSdkVersion:'30'
io.rebble.charon_5.apk,package: name='io.rebble.charon' versionCode='5' versionName='1.4' compileSdkVersion='30' compileSdkVersionCodename='11',sdkVersion:'18',targetSdkVersion:'30'
org.booncode.bluepass4_5.apk,package: name='org.booncode.bluepass4' versionCode='5' versionName='0.3.0' compileSdkVersion='31' compileSdkVersionCodename='12',sdkVersion:'29',targetSdkVersion:'29'
com.wa2c.android.cifsdocumentsprovider_8.apk,package: name='com.wa2c.android.cifsdocumentsprovider' versionCode='8' versionName='1.3.2' compileSdkVersion='31' compileSdkVersionCodename='12',sdkVersion:'26',targetSdkVersion:'31'
vernet.apk,package: name='org.fsociety.vernet' versionCode='13' versionName='1.0.1' compileSdkVersion='33' compileSdkVersionCodename='13',sdkVersion:'16',targetSdkVersion:'31'
info.tangential.cone_28.apk,package: name='info.tangential.cone' versionCode='28' versionName='0.2.20' compileSdkVersion='28' compileSdkVersionCodename='9',sdkVersion:'19',targetSdkVersion:'28'
com.github.webierta.call_counter_5.apk,package: name='com.github.webierta.call_counter' versionCode='5' versionName='2.1.1' compileSdkVersion='29' compileSdkVersionCodename='10',sdkVersion:'22',targetSdkVersion:'29'
com.github.rsteube.t4_4.apk,package: name='com.github.rsteube.t4' versionCode='4' versionName='1.4' compileSdkVersion='28' compileSdkVersionCodename='9',sdkVersion:'14',targetSdkVersion:'28'
com.repay.android_25.apk,package: name='com.repay.android' versionCode='25' versionName='1.6',sdkVersion:'14',targetSdkVersion:'19'
com.example.flutter_http_server_30.apk,package: name='com.example.flutter_http_server' versionCode='30' versionName='1.2.0' compileSdkVersion='30' compileSdkVersionCodename='11',sdkVersion:'16',targetSdkVersion:'30'
org.fdroid.nearby_2.apk,package: name='org.fdroid.nearby' versionCode='2' versionName='0.1' compileSdkVersion='30' compileSdkVersionCodename='11',sdkVersion:'23',targetSdkVersion:'29'
com.app.missednotificationsreminder_2010605222.apk,package: name='com.app.missednotificationsreminder' versionCode='2010605222' versionName='1.6.5.2.22' compileSdkVersion='29' compileSdkVersionCodename='10',sdkVersion:'18',targetSdkVersion:'29'
husky.apk,package: name='su.xash.husky' versionCode='186' versionName='1.3.1' compileSdkVersion='32' compileSdkVersionCodename='12',sdkVersion:'23',targetSdkVersion:'32'
com.alaskalinuxuser.justcraigslist_10.apk,package: name='com.alaskalinuxuser.justcraigslist' versionCode='10' versionName='2.0',sdkVersion:'15',targetSdkVersion:'24'
com.daemon.ssh_12.apk,package: name='com.daemon.ssh' versionCode='12' versionName='2.0.3' compileSdkVersion='30' compileSdkVersionCodename='11',sdkVersion:'26',targetSdkVersion:'30'
org.safecoin.safeprice_1.apk,package: name='org.safecoin.safeprice' versionCode='1' versionName='1.0' compileSdkVersion='29' compileSdkVersionCodename='10',sdkVersion:'14',targetSdkVersion:'29'
at.h4x.metaapp_10102.apk,package: name='at.h4x.metaapp' versionCode='10102' versionName='1.1.2' compileSdkVersion='29' compileSdkVersionCodename='10',sdkVersion:'14',targetSdkVersion:'29'
tech.platypush.platypush_1000100.apk,package: name='tech.platypush.platypush' versionCode='1000100' versionName='1.0.1' compileSdkVersion='29' compileSdkVersionCodename='10',sdkVersion:'23',targetSdkVersion:'29'
hashengineering.darkcoin.wallet_70311.apk,package: name='hashengineering.darkcoin.wallet' versionCode='70311' versionName='7.3.2' compileSdkVersion='29' compileSdkVersionCodename='10',sdkVersion:'19',targetSdkVersion:'30'
com.github.samotari.paynoway_20100.apk,package: name='com.github.samotari.paynoway' versionCode='20100' versionName='2.1.0' compileSdkVersion='29' compileSdkVersionCodename='10',sdkVersion:'22',targetSdkVersion:'29'
com.hos_dvk.easyphone.full_11.apk,package: name='com.hos_dvk.easyphone.full' versionCode='11' versionName='0.1' compileSdkVersion='30' compileSdkVersionCodename='11',sdkVersion:'19',targetSdkVersion:'30'
com.vincent_falzon.discreetlauncher_44.apk,package: name='com.vincent_falzon.discreetlauncher' versionCode='44' versionName='v5.4.1' compileSdkVersion='30' compileSdkVersionCodename='11',sdkVersion:'21',targetSdkVersion:'30'
skytube.apk,package: name='free.rm.skytube.oss' versionCode='44' versionName='2.984' compileSdkVersion='29' compileSdkVersionCodename='10',sdkVersion:'19',targetSdkVersion:'28'
com.jkuester.unlauncher_14.apk,package: name='com.jkuester.unlauncher' versionCode='14' versionName='1.3.0' compileSdkVersion='30' compileSdkVersionCodename='11',sdkVersion:'21',targetSdkVersion:'30'
com.looker.droidify_43.apk,package: name='com.looker.droidify' versionCode='43' versionName='0.4.3' compileSdkVersion='31' compileSdkVersionCodename='12',sdkVersion:'21',targetSdkVersion:'31'
net.nitratine.priceperunit_18.apk,package: name='net.nitratine.priceperunit' versionCode='18' versionName='1.6.1' compileSdkVersion='30' compileSdkVersionCodename='11',sdkVersion:'19',targetSdkVersion:'30'
network.ubic.ubic_7.apk,package: name='network.ubic.ubic' versionCode='7' versionName='3.3' compileSdkVersion='28' compileSdkVersionCodename='9',sdkVersion:'21',targetSdkVersion:'28'
com.igisw.openmoneybox_44.apk,package: name='com.igisw.openmoneybox' versionCode='44' versionName='3.4.1.11' compileSdkVersion='30' compileSdkVersionCodename='11',sdkVersion:'16',targetSdkVersion:'29'
fr.corenting.convertisseureurofranc_18.apk,package: name='fr.corenting.convertisseureurofranc' versionCode='18' versionName='2.9' compileSdkVersion='30' compileSdkVersionCodename='11',sdkVersion:'17',targetSdkVersion:'30'
kuesji.link_eye_4.apk,package: name='kuesji.link_eye' versionCode='4' versionName='2.2' compileSdkVersion='30' compileSdkVersionCodename='11',sdkVersion:'23',targetSdkVersion:'30'
de.hskl.contacts_1.apk,package: name='de.hskl.contacts' versionCode='1' versionName='1.0' compileSdkVersion='28' compileSdkVersionCodename='9',sdkVersion:'23',targetSdkVersion:'28'
app.crescentcash.src_120.apk,package: name='app.crescentcash.src' versionCode='120' versionName='1.13.9' compileSdkVersion='29' compileSdkVersionCodename='10',sdkVersion:'23',targetSdkVersion:'29'
pro.oblivioncoding.fluffy_board_33112291.apk,package: name='pro.oblivioncoding.fluffy_board' versionCode='33112291' versionName='0.0.12' compileSdkVersion='30' compileSdkVersionCodename='11',sdkVersion:'19',targetSdkVersion:'30'
de.k3b.android.camerafolder_1.apk,package: name='de.k3b.android.camerafolder' versionCode='1' versionName='1.0' compileSdkVersion='29' compileSdkVersionCodename='10',sdkVersion:'19',targetSdkVersion:'29'
com.sunilpaulmathew.debloater_23.apk,package: name='com.sunilpaulmathew.debloater' versionCode='23' versionName='v0.23' compileSdkVersion='31' compileSdkVersionCodename='12',sdkVersion:'23',targetSdkVersion:'31'
de.jbservices.nc_passwords_app_20.apk,package: name='de.jbservices.nc_passwords_app' versionCode='20' versionName='21.12.0' compileSdkVersion='31' compileSdkVersionCodename='12',sdkVersion:'22',targetSdkVersion:'31'
com.sovworks.edslite_237.apk,package: name='com.sovworks.edslite' versionCode='237' versionName='2.0.0.237' compileSdkVersion='28' compileSdkVersionCodename='9',sdkVersion:'14',targetSdkVersion:'28'
tmendes.com.analyticalbalancedroid_3.apk,package: name='tmendes.com.analyticalbalancedroid' versionCode='3' versionName='1.2' platformBuildVersionName='7.1.1',sdkVersion:'21',targetSdkVersion:'25'
protect.budgetwatch_29.apk,package: name='protect.budgetwatch' versionCode='29' versionName='0.21.5' platformBuildVersionName='8.1.0',sdkVersion:'14',targetSdkVersion:'27'
com.decred.decredaddressscanner_10.apk,package: name='com.decred.decredaddressscanner' versionCode='10' versionName='1.10' compileSdkVersion='30' compileSdkVersionCodename='11',sdkVersion:'16',targetSdkVersion:'30'
io.lbry.browser_17011.apk,package: name='io.lbry.browser' versionCode='17011' versionName='0.17.1' compileSdkVersion='29' compileSdkVersionCodename='10',sdkVersion:'21',targetSdkVersion:'29'
org.pacien.tincapp_33.apk,package: name='org.pacien.tincapp' versionCode='33' versionName='0.33' compileSdkVersion='30' compileSdkVersionCodename='11',sdkVersion:'21',targetSdkVersion:'30'
inc.flide.vi8_8.apk,package: name='inc.flide.vi8' versionCode='8' versionName='iteration-8' compileSdkVersion='30' compileSdkVersionCodename='11',sdkVersion:'21',targetSdkVersion:'30'
com.jeroen1602.lighthouse_pm_8.apk,package: name='com.jeroen1602.lighthouse_pm' versionCode='8' versionName='1.2.0' compileSdkVersion='30' compileSdkVersionCodename='11',sdkVersion:'19',targetSdkVersion:'30'
com.lightning.walletapp_159.apk,package: name='com.lightning.walletapp' versionCode='159' versionName='0.4.8' compileSdkVersion='29' compileSdkVersionCodename='10',sdkVersion:'21',targetSdkVersion:'29'
com.marv42.ebt.newnote_5300.apk,package: name='com.marv42.ebt.newnote' versionCode='5300' versionName='0.53.0' compileSdkVersion='30' compileSdkVersionCodename='11',sdkVersion:'28',targetSdkVersion:'30'
me.kuehle.carreport_79.apk,package: name='me.kuehle.carreport' versionCode='79' versionName='3.25.0' platformBuildVersionName='3.25.0' compileSdkVersion='28' compileSdkVersionCodename='9',sdkVersion:'15',targetSdkVersion:'28'
org.cry.otp_22.apk,package: name='org.cry.otp' versionCode='22' versionName='3' compileSdkVersion='29' compileSdkVersionCodename='10',sdkVersion:'16',targetSdkVersion:'29'
ie.defo.ech_apps_1014003.apk,package: name='ie.defo.ech_apps' versionCode='1014003' versionName='0.0' compileSdkVersion='30' compileSdkVersionCodename='11',sdkVersion:'22',targetSdkVersion:'25'
tech.bogomolov.incomingsmsgateway_7.apk,package: name='tech.bogomolov.incomingsmsgateway' versionCode='7' versionName='2.0.1' compileSdkVersion='30' compileSdkVersionCodename='11',sdkVersion:'19',targetSdkVersion:'30'
davx5.apk,package: name='at.bitfire.davdroid' versionCode='402030200' versionName='4.2.3.2-ose' compileSdkVersion='32' compileSdkVersionCodename='12',sdkVersion:'21',targetSdkVersion:'32'
com.smilla.greentooth_5.apk,package: name='com.smilla.greentooth' versionCode='5' versionName='1.12' compileSdkVersion='29' compileSdkVersionCodename='10',sdkVersion:'16',targetSdkVersion:'29'
org.ostrya.presencepublisher_42.apk,package: name='org.ostrya.presencepublisher' versionCode='42' versionName='2.3.1' compileSdkVersion='31' compileSdkVersionCodename='12',sdkVersion:'14',targetSdkVersion:'31'
se.manyver_115.apk,package: name='se.manyver' versionCode='115' versionName='0.2201.5-beta-fdroid' compileSdkVersion='30' compileSdkVersionCodename='11',sdkVersion:'21',targetSdkVersion:'26'
com.github.muellerma.coffee_14.apk,package: name='com.github.muellerma.coffee' versionCode='14' versionName='1.14' compileSdkVersion='30' compileSdkVersionCodename='11',sdkVersion:'21',targetSdkVersion:'30'
com.rehanced.lunary_31.apk,package: name='com.rehanced.lunary' versionCode='31' versionName='1.39' compileSdkVersion='28' compileSdkVersionCodename='9',sdkVersion:'16',targetSdkVersion:'28'
com.beemdevelopment.aegis_50.apk,package: name='com.beemdevelopment.aegis' versionCode='50' versionName='2.0.2' compileSdkVersion='30' compileSdkVersionCodename='11',sdkVersion:'21',targetSdkVersion:'30'
com.blogspot.e_kanivets.moneytracker_36.apk,package: name='com.blogspot.e_kanivets.moneytracker' versionCode='36' versionName='2.1.4' compileSdkVersion='31' compileSdkVersionCodename='12',sdkVersion:'21',targetSdkVersion:'31'
com.gaurav.avnc_7.apk,package: name='com.gaurav.avnc' versionCode='7' versionName='1.5.0' compileSdkVersion='30' compileSdkVersionCodename='11',sdkVersion:'21',targetSdkVersion:'30'
radarweather.apk,package: name='org.woheller69.weather' versionCode='56' versionName='5.6' compileSdkVersion='31' compileSdkVersionCodename='12',sdkVersion:'21',targetSdkVersion:'29'
me.impa.knockonports_46.apk,package: name='me.impa.knockonports' versionCode='46' versionName='1.1.6b' compileSdkVersion='30' compileSdkVersionCodename='11',sdkVersion:'15',targetSdkVersion:'30'
threads.thor_100.apk,package: name='threads.thor' versionCode='100' versionName='1.0.0' compileSdkVersion='32' compileSdkVersionCodename='12',sdkVersion:'28',targetSdkVersion:'32'
cx.ring_324.apk,package: name='cx.ring' versionCode='324' versionName='20211210-01' compileSdkVersion='31' compileSdkVersionCodename='12',sdkVersion:'21',targetSdkVersion:'31'
godau.fynn.usagedirect_9.apk,package: name='godau.fynn.usagedirect' versionCode='9' versionName='0.8' compileSdkVersion='29' compileSdkVersionCodename='10',sdkVersion:'21',targetSdkVersion:'28'
dev.patrickgold.florisboard_56.apk,package: name='dev.patrickgold.florisboard' versionCode='56' versionName='0.3.13' compileSdkVersion='30' compileSdkVersionCodename='11',sdkVersion:'23',targetSdkVersion:'30'
com.github.samotari.cryptoterminal_10500.apk,package: name='com.github.samotari.cryptoterminal' versionCode='10500' versionName='1.5.0' platformBuildVersionName='1.5.0',sdkVersion:'19',targetSdkVersion:'27'
org.strongswan.android_75.apk,package: name='org.strongswan.android' versionCode='75' versionName='2.3.3' compileSdkVersion='30' compileSdkVersionCodename='11',sdkVersion:'15',targetSdkVersion:'30'
hashengineering.groestlcoin.wallet_81401.apk,package: name='hashengineering.groestlcoin.wallet' versionCode='81401' versionName='8.14.1' compileSdkVersion='29' compileSdkVersionCodename='10',sdkVersion:'21',targetSdkVersion:'29'
ch.rmy.android.http_shortcuts_1102120001.apk,package: name='ch.rmy.android.http_shortcuts' versionCode='1102120001' versionName='2.12.0' compileSdkVersion='31' compileSdkVersionCodename='12',sdkVersion:'21',targetSdkVersion:'31'
com.punksta.apps.volumecontrol_32.apk,package: name='com.punksta.apps.volumecontrol' versionCode='32' versionName='2.6.0' compileSdkVersion='30' compileSdkVersionCodename='11',sdkVersion:'15',targetSdkVersion:'30'
com.matejdro.pebbledialer_41.apk,package: name='com.matejdro.pebbledialer' versionCode='41' versionName='3.3.1',sdkVersion:'14',targetSdkVersion:'25'
com.coboltforge.dontmind.multivnc_87.apk,package: name='com.coboltforge.dontmind.multivnc' versionCode='87' versionName='2.0.5' compileSdkVersion='30' compileSdkVersionCodename='11',sdkVersion:'21',targetSdkVersion:'30'
com.kunzisoft.keepass.libre_91.apk,package: name='com.kunzisoft.keepass.libre' versionCode='91' versionName='3.0.4' compileSdkVersion='30' compileSdkVersionCodename='11',sdkVersion:'15',targetSdkVersion:'30'
com.greenaddress.greenbits_android_wallet_22000376.apk,package: name='com.greenaddress.greenbits_android_wallet' versionCode='22000376' versionName='3.7.6' compileSdkVersion='30' compileSdkVersionCodename='11',sdkVersion:'23',targetSdkVersion:'30'
opencontacts.open.com.opencontacts_23.apk,package: name='opencontacts.open.com.opencontacts' versionCode='23' versionName='23.0' compileSdkVersion='29' compileSdkVersionCodename='10',sdkVersion:'14',targetSdkVersion:'29'
org.secuso.privacyfriendlypasswordgenerator_5.apk,package: name='org.secuso.privacyfriendlypasswordgenerator' versionCode='5' versionName='1.1.0' compileSdkVersion='29' compileSdkVersionCodename='10',sdkVersion:'21',targetSdkVersion:'29'
org.walleth_514.apk,package: name='org.walleth' versionCode='514' versionName='0.51.4' compileSdkVersion='30' compileSdkVersionCodename='11',sdkVersion:'16',targetSdkVersion:'30'
sushi.hardcore.droidfs_21.apk,package: name='sushi.hardcore.droidfs' versionCode='21' versionName='1.7.1' compileSdkVersion='31' compileSdkVersionCodename='12',sdkVersion:'21',targetSdkVersion:'29'
org.tether.tether_2007.apk,package: name='org.tether.tether' versionCode='2007' versionName='0.2.6' compileSdkVersion='30' compileSdkVersionCodename='11',sdkVersion:'18',targetSdkVersion:'30'
taco.scoop_32.apk,package: name='taco.scoop' versionCode='32' versionName='2.4.0' compileSdkVersion='31' compileSdkVersionCodename='12',sdkVersion:'21',targetSdkVersion:'31'
de.drhoffmannsoft.pizza_11.apk,package: name='de.drhoffmannsoft.pizza' versionCode='11' versionName='1.05-11' platformBuildVersionName='1.05-11' compileSdkVersion='28' compileSdkVersionCodename='9',sdkVersion:'8',targetSdkVersion:'12'
bilidownload.apk,package: name='cc.kafuu.bilidownload' versionCode='18' versionName='1.9.2' compileSdkVersion='31' compileSdkVersionCodename='12',sdkVersion:'21',targetSdkVersion:'31'
net.tjado.usbgadget_4.apk,package: name='net.tjado.usbgadget' versionCode='4' versionName='0.4' compileSdkVersion='29' compileSdkVersionCodename='10',sdkVersion:'23',targetSdkVersion:'29'
de.seemoo.at_tracking_detection_19.apk,package: name='de.seemoo.at_tracking_detection' versionCode='19' versionName='1.1.0' compileSdkVersion='31' compileSdkVersionCodename='12',sdkVersion:'21',targetSdkVersion:'31'
org.chickenhook.binderfuzzy_2.apk,package: name='org.chickenhook.binderfuzzy' versionCode='2' versionName='1.0' compileSdkVersion='29' compileSdkVersionCodename='10',sdkVersion:'19',targetSdkVersion:'29'
org.moparisthebest.pageplus_8.apk,package: name='org.moparisthebest.pageplus' versionCode='8' versionName='0.5.2',application-label:'Page Plus Balance',application-icon-120:'res/drawable-ldpi/icon.png'
com.jarsilio.android.autoautorotate_27.apk,package: name='com.jarsilio.android.autoautorotate' versionCode='27' versionName='0.11.5' compileSdkVersion='30' compileSdkVersionCodename='11',sdkVersion:'15',targetSdkVersion:'30'
